Duration,ICPErrorClosestFacetAll,ResidualError,RobustMeanDist,NbPointsRobMeanDist,HaussdorffDist,HaussdorffQuantileDist,ICPErrorClosestFacetRef,selectiveICPOverlap,normalICPOverlap,sizeOfMap
Number of Facets in Model: 182
1568115179.643655000,,,,,,,,,0.798244,
1568115179.844081000,,,,,,,,,0.798331,
1568115180.044391000,,,,,,,,,0.798637,
1568115180.244881000,,,,,,,,,0.798232,
1568115180.445323000,,,,,,,,,0.797455,
1568115180.645708000,,,,,,,,,0.798737,
1568115180.846080000,,,,,,,,,0.798693,
1568115181.046443000,,,,,,,,,0.798777,
1568115181.246795000,,,,,,,,,0.79911,
1568115181.447259000,,,,,,,,,0.797965,
1568115181.647628000,,,,,,,,,0.798301,
1568115181.848068000,,,,,,,,,0.798885,
1568115182.048371000,,,,,,,,,0.798317,
1568115182.249475000,,,,,,,,,0.797772,
1568115182.449218000,,,,,,,,,0.798775,
1568115182.649601000,,,,,,,,,0.797517,
1568115182.850530000,,,,,,,,0.698134,,
1568115182.850530000,,,,,,,,,,4359
1568115183.050397000,,,,,,,,0.697966,,
1568115183.050397000,,,,,,,,,,7546
1568115183.250772000,,,,,,,,0.698623,,
1568115183.250772000,,,,,,,,,,10291
1568115183.451182000,,,,,,,,0.698673,,
1568115183.451182000,,,,,,,,,,12988
1568115183.651558000,,,,,,,,0.698265,,
1568115183.651558000,,,,,,,,,,15669
1568115183.851977000,,,,,,,,0.697963,,
1568115183.851977000,,,,,,,,,,18228
1568115184.052352000,,,,,,,,0.698157,,
1568115184.052352000,,,,,,,,,,20711
1568115184.252748000,,,,,,,,0.697955,,
1568115184.252748000,,,,,,,,,,23051
1568115184.453173000,,,,,,,,0.698215,,
1568115184.453173000,,,,,,,,,,25531
1568115184.653570000,,,,,,,,0.698049,,
1568115184.653570000,,,,,,,,,,28053
1568115184.853984000,,,,,,,,0.697787,,
1568115184.853984000,,,,,,,,,,30442
1568115185.054391000,,,,,,,,0.698382,,
1568115185.054391000,,,,,,,,,,32695
1568115185.254776000,,,,,,,,0.69846,,
1568115185.254776000,,,,,,,,,,35217
1568115185.455238000,,,,,,,,0.698439,,
1568115185.455238000,,,,,,,,,,37476
1568115185.655632000,,,,,,,,0.698587,,
1568115185.655632000,,,,,,,,,,39832
1568115185.855997000,,,,,,,,0.697884,,
1568115185.855997000,,,,,,,,,,42086
1568115186.056605000,,,,,,,,0.698215,,
1568115186.056605000,,,,,,,,,,44429
1568115186.256838000,,,,,,,,0.698349,,
1568115186.256838000,,,,,,,,,,46807
1568115186.457236000,,,,,,,,0.698296,,
1568115186.457236000,,,,,,,,,,49234
1568115186.657695000,,,,,,,,0.698392,,
1568115186.657695000,,,,,,,,,,51599
1568115186.857981000,,,,,,,,0.698152,,
1568115186.857981000,,,,,,,,,,53820
1568115187.058372000,,,,,,,,0.698387,,
1568115187.058372000,,,,,,,,,,56146
1568115187.258773000,,,,,,,,0.698075,,
1568115187.258773000,,,,,,,,,,58394
1568115187.459300000,,,,,,,,0.698308,,
1568115187.459300000,,,,,,,,,,60706
1568115187.659543000,,,,,,,,0.698913,,
1568115187.659543000,,,,,,,,,,63126
1568115187.859958000,,,,,,,,0.698805,,
1568115187.859958000,,,,,,,,,,65484
1568115188.060619000,,,,,,,,0.698514,,
1568115188.060619000,,,,,,,,,,67737
1568115188.260733000,,,,,,,,0.698134,,
1568115188.260733000,,,,,,,,,,70101
1568115188.461224000,,,,,,,,0.697757,,
1568115188.461224000,,,,,,,,,,72441
1568115188.661593000,,,,,,,,0.698334,,
1568115188.661593000,,,,,,,,,,74800
1568115188.861977000,,,,,,,,0.698013,,
1568115188.861977000,,,,,,,,,,77044
1568115189.062316000,,,,,,,,0.697718,,
1568115189.062316000,,,,,,,,,,79410
1568115189.262836000,,,,,,,,0.698051,,
1568115189.262836000,,,,,,,,,,81730
1568115189.463213000,,,,,,,,0.697612,,
1568115189.463213000,,,,,,,,,,84039
1568115189.663565000,,,,,,,,0.697807,,
1568115189.663565000,,,,,,,,,,86281
1568115189.863988000,,,,,,,,0.698671,,
1568115189.863988000,,,,,,,,,,88564
1568115190.064316000,,,,,,,,0.697731,,
1568115190.064316000,,,,,,,,,,90930
1568115190.264762000,,,,,,,,0.698444,,
1568115190.264762000,,,,,,,,,,93160
1568115190.465134000,,,,,,,,0.698135,,
1568115190.465134000,,,,,,,,,,95464
1568115190.665522000,,,,,,,,0.698278,,
1568115190.665522000,,,,,,,,,,97793
1568115190.865960000,,,,,,,,0.698562,,
1568115190.865960000,,,,,,,,,,100068
1568115191.066344000,,,,,,,,0.698421,,
1568115191.066344000,,,,,,,,,,102356
1568115191.266725000,,,,,,,,0.697908,,
1568115191.266725000,,,,,,,,,,104625
1568115191.467102000,,,,,,,,0.698573,,
1568115191.467102000,,,,,,,,,,106924
1568115191.667521000,,,,,,,,0.698314,,
1568115191.667521000,,,,,,,,,,109215
1568115191.868026000,,,,,,,,0.698488,,
1568115191.868026000,,,,,,,,,,111432
1568115192.068258000,,,,,,,,0.698588,,
1568115192.068258000,,,,,,,,,,113677
1568115192.268702000,,,,,,,,0.698826,,
1568115192.268702000,,,,,,,,,,115989
1568115192.469153000,,,,,,,,0.69824,,
1568115192.469153000,,,,,,,,,,118137
1568115192.669557000,,,,,,,,0.698206,,
1568115192.669557000,,,,,,,,,,120436
1568115192.869905000,,,,,,,,0.698456,,
1568115192.869905000,,,,,,,,,,122674
1568115193.270699000,,,,,,,,0.698215,,
1568115193.270699000,,,,,,,,,,124801
1568115193.471082000,,,,,,,,0.698119,,
1568115193.471082000,,,,,,,,,,127116
1568115193.871850000,,,,,,,,0.697876,,
1568115193.871850000,,,,,,,,,,129239
1568115194.072271000,,,,,,,,0.698457,,
1568115194.072271000,,,,,,,,,,131479
1568115194.473032000,,,,,,,,0.698522,,
1568115194.473032000,,,,,,,,,,133651
1568115194.673442000,,,,,,,,0.698307,,
1568115194.673442000,,,,,,,,,,135944
1568115195.074178000,,,,,,,,0.698492,,
1568115195.074178000,,,,,,,,,,138102
1568115195.274664000,,,,,,,,0.698024,,
1568115195.274664000,,,,,,,,,,140457
1568115195.475029000,,,,,,,,0.698898,,
1568115195.475029000,,,,,,,,,,142721
1568115195.675436000,,,,,,,,0.698307,,
1568115195.675436000,,,,,,,,,,145000
1568115195.875793000,,,,,,,,0.698603,,
1568115195.875793000,,,,,,,,,,147265
1568115196.076275000,,,,,,,,0.697768,,
1568115196.076275000,,,,,,,,,,149439
1568115196.276636000,,,,,,,,0.697824,,
1568115196.276636000,,,,,,,,,,151781
1568115196.477071000,,,,,,,,0.6984,,
1568115196.477071000,,,,,,,,,,154046
1568115196.677525000,,,,,,,,0.698705,,
1568115196.677525000,,,,,,,,,,156320
1568115196.877936000,,,,,,,,0.697881,,
1568115196.877936000,,,,,,,,,,158525
1568115197.078188000,,,,,,,,0.698239,,
1568115197.078188000,,,,,,,,,,160760
1568115197.278616000,,,,,,,,0.698666,,
1568115197.278616000,,,,,,,,,,163058
1568115197.479156000,,,,,,,,0.698411,,
1568115197.479156000,,,,,,,,,,165365
1568115197.679431000,,,,,,,,0.697911,,
1568115197.679431000,,,,,,,,,,167610
1568115197.879844000,,,,,,,,0.698491,,
1568115197.879844000,,,,,,,,,,169888
1568115198.080189000,,,,,,,,0.697941,,
1568115198.080189000,,,,,,,,,,172256
1568115198.280649000,,,,,,,,0.698706,,
1568115198.280649000,,,,,,,,,,174607
1568115198.481027000,,,,,,,,0.698787,,
1568115198.481027000,,,,,,,,,,176950
1568115198.681407000,,,,,,,,0.69837,,
1568115198.681407000,,,,,,,,,,179292
1568115198.881891000,,,,,,,,0.697916,,
1568115198.881891000,,,,,,,,,,181568
1568115199.082199000,,,,,,,,0.698222,,
1568115199.082199000,,,,,,,,,,183781
1568115199.282577000,,,,,,,,0.698099,,
1568115199.282577000,,,,,,,,,,186103
1568115199.483020000,,,,,,,,0.698138,,
1568115199.483020000,,,,,,,,,,188375
1568115199.683453000,,,,,,,,0.698475,,
1568115199.683453000,,,,,,,,,,190712
1568115199.883771000,,,,,,,,0.698441,,
1568115199.883771000,,,,,,,,,,193040
1568115200.084312000,,,,,,,,0.69824,,
1568115200.084312000,,,,,,,,,,195291
1568115200.284686000,,,,,,,,0.697655,,
1568115200.284686000,,,,,,,,,,197628
1568115200.484970000,,,,,,,,0.698927,,
1568115200.484970000,,,,,,,,,,199851
1568115200.685373000,,,,,,,,0.698555,,
1568115200.685373000,,,,,,,,,,202027
1568115200.885925000,,,,,,,,0.698516,,
1568115200.885925000,,,,,,,,,,204291
1568115201.086179000,,,,,,,,0.69857,,
1568115201.086179000,,,,,,,,,,206569
1568115201.286595000,,,,,,,,0.697628,,
1568115201.286595000,,,,,,,,,,208803
1568115201.486953000,,,,,,,,0.698561,,
1568115201.486953000,,,,,,,,,,211066
1568115201.687349000,,,,,,,,0.698276,,
1568115201.687349000,,,,,,,,,,213302
1568115201.887712000,,,,,,,,0.698566,,
1568115201.887712000,,,,,,,,,,215515
1568115202.088160000,,,,,,,,0.697996,,
1568115202.088160000,,,,,,,,,,217824
1568115202.288569000,,,,,,,,0.69838,,
1568115202.288569000,,,,,,,,,,220014
1568115202.488919000,,,,,,,,0.698707,,
1568115202.488919000,,,,,,,,,,222110
1568115202.689277000,,,,,,,,0.698634,,
1568115202.689277000,,,,,,,,,,224504
1568115202.889675000,,,,,,,,0.69881,,
1568115202.889675000,,,,,,,,,,226705
1568115203.090035000,,,,,,,,0.698509,,
1568115203.090035000,,,,,,,,,,228849
1568115203.290426000,,,,,,,,0.698552,,
1568115203.290426000,,,,,,,,,,231034
1568115203.490890000,,,,,,,,0.698076,,
1568115203.490890000,,,,,,,,,,233392
1568115203.691323000,,,,,,,,0.698229,,
1568115203.691323000,,,,,,,,,,235534
1568115203.891690000,,,,,,,,0.698075,,
1568115203.891690000,,,,,,,,,,237905
1568115204.092104000,,,,,,,,0.69834,,
1568115204.092104000,,,,,,,,,,240301
1568115204.292507000,,,,,,,,0.698125,,
1568115204.292507000,,,,,,,,,,242486
1568115204.492859000,,,,,,,,0.698376,,
1568115204.492859000,,,,,,,,,,244715
1568115204.693206000,,,,,,,,0.698345,,
1568115204.693206000,,,,,,,,,,246941
1568115204.893639000,,,,,,,,0.698376,,
1568115204.893639000,,,,,,,,,,249221
1568115205.094058000,,,,,,,,0.698101,,
1568115205.094058000,,,,,,,,,,251450
1568115205.294439000,,,,,,,,0.698245,,
1568115205.294439000,,,,,,,,,,253597
1568115205.494796000,,,,,,,,0.697918,,
1568115205.494796000,,,,,,,,,,255818
1568115205.695256000,,,,,,,,0.698392,,
1568115205.695256000,,,,,,,,,,258202
1568115205.895691000,,,,,,,,0.698991,,
1568115205.895691000,,,,,,,,,,260419
1568115206.096037000,,,,,,,,0.698685,,
1568115206.096037000,,,,,,,,,,262600
1568115206.296398000,,,,,,,,0.699164,,
1568115206.296398000,,,,,,,,,,264712
1568115206.496891000,,,,,,,,0.699086,,
1568115206.496891000,,,,,,,,,,266963
1568115206.697183000,,,,,,,,0.699485,,
1568115206.697183000,,,,,,,,,,269176
1568115206.897675000,,,,,,,,0.698,,
1568115206.897675000,,,,,,,,,,271407
1568115207.098067000,,,,,,,,0.698748,,
1568115207.098067000,,,,,,,,,,273634
1568115207.298727000,,,,,,,,0.699648,,
1568115207.298727000,,,,,,,,,,275731
1568115207.498764000,,,,,,,,0.699794,,
1568115207.498764000,,,,,,,,,,277870
1568115207.699186000,,,,,,,,0.69974,,
1568115207.699186000,,,,,,,,,,280162
1568115207.899560000,,,,,,,,0.699568,,
1568115207.899560000,,,,,,,,,,282122
1568115208.099942000,,,,,,,,0.69976,,
1568115208.099942000,,,,,,,,,,284116
1568115208.300398000,,,,,,,,0.699846,,
1568115208.300398000,,,,,,,,,,285982
1568115208.500766000,,,,,,,,0.699843,,
1568115208.500766000,,,,,,,,,,287984
1568115208.701154000,,,,,,,,0.69885,,
1568115208.701154000,,,,,,,,,,289832
1568115208.901578000,,,,,,,,0.698581,,
1568115208.901578000,,,,,,,,,,291776
1568115209.102009000,,,,,,,,0.699704,,
1568115209.102009000,,,,,,,,,,293677
1568115209.302346000,,,,,,,,0.69962,,
1568115209.302346000,,,,,,,,,,295625
1568115209.502717000,,,,,,,,0.699411,,
1568115209.502717000,,,,,,,,,,297578
1568115209.703147000,,,,,,,,0.699165,,
1568115209.703147000,,,,,,,,,,299508
1568115209.903617000,,,,,,,,0.699322,,
1568115209.903617000,,,,,,,,,,301547
1568115210.104055000,,,,,,,,0.699549,,
1568115210.104055000,,,,,,,,,,303503
1568115210.304355000,,,,,,,,0.699602,,
1568115210.304355000,,,,,,,,,,305606
1568115210.504753000,,,,,,,,0.698984,,
1568115210.504753000,,,,,,,,,,307608
1568115210.705059000,,,,,,,,0.699668,,
1568115210.705059000,,,,,,,,,,309500
1568115210.905554000,,,,,,,,0.699267,,
1568115210.905554000,,,,,,,,,,311392
1568115211.106027000,,,,,,,,0.699604,,
1568115211.106027000,,,,,,,,,,313406
1568115211.306378000,,,,,,,,0.69983,,
1568115211.306378000,,,,,,,,,,315333
1568115211.506813000,,,,,,,,0.699616,,
1568115211.506813000,,,,,,,,,,317445
1568115211.707153000,,,,,,,,0.699267,,
1568115211.707153000,,,,,,,,,,319548
1568115211.907616000,,,,,,,,0.699593,,
1568115211.907616000,,,,,,,,,,321623
1568115212.108026000,,,,,,,,0.69964,,
1568115212.108026000,,,,,,,,,,323612
1568115212.308405000,,,,,,,,0.699504,,
1568115212.308405000,,,,,,,,,,325702
1568115212.508735000,,,,,,,,0.699588,,
1568115212.508735000,,,,,,,,,,327679
1568115212.709212000,,,,,,,,0.699734,,
1568115212.709212000,,,,,,,,,,329570
1568115212.909558000,,,,,,,,0.69971,,
1568115212.909558000,,,,,,,,,,331462
1568115213.109979000,,,,,,,,0.699592,,
1568115213.109979000,,,,,,,,,,333421
1568115213.310384000,,,,,,,,0.69985,,
1568115213.310384000,,,,,,,,,,335355
1568115213.510769000,,,,,,,,0.698812,,
1568115213.510769000,,,,,,,,,,337335
1568115213.711167000,,,,,,,,0.69883,,
1568115213.711167000,,,,,,,,,,339336
1568115213.911531000,,,,,,,,0.699456,,
1568115213.911531000,,,,,,,,,,341432
1568115214.111979000,,,,,,,,0.699848,,
1568115214.111979000,,,,,,,,,,343251
1568115214.312370000,,,,,,,,0.699063,,
1568115214.312370000,,,,,,,,,,345280
1568115214.512718000,,,,,,,,0.699032,,
1568115214.512718000,,,,,,,,,,347457
1568115214.913593000,,,,,,,,0.699039,,
1568115214.913593000,,,,,,,,,,349217
1568115215.113929000,,,,,,,,0.696686,,
1568115215.113929000,,,,,,,,,,351016
1568115215.514769000,,,,,,,,0.696965,,
1568115215.514769000,,,,,,,,,,352878
1568115215.715172000,,,,,,,,0.697332,,
1568115215.715172000,,,,,,,,,,354801
1568115215.915492000,,,,,,,,0.697233,,
1568115215.915492000,,,,,,,,,,356546
1568115216.115951000,,,,,,,,0.695566,,
1568115216.115951000,,,,,,,,,,358257
1568115216.316527000,,,,,,,,0.697188,,
1568115216.316527000,,,,,,,,,,359900
1568115216.516748000,,,,,,,,0.699139,,
1568115216.516748000,,,,,,,,,,361650
1568115216.717092000,,,,,,,,0.699444,,
1568115216.717092000,,,,,,,,,,363356
1568115216.917550000,,,,,,,,0.699486,,
1568115216.917550000,,,,,,,,,,364800
1568115217.117889000,,,,,,,,0.699782,,
1568115217.117889000,,,,,,,,,,366421
1568115217.318323000,,,,,,,,0.699898,,
1568115217.318323000,,,,,,,,,,368038
1568115217.518722000,,,,,,,,0.699642,,
1568115217.518722000,,,,,,,,,,369573
1568115217.719055000,,,,,,,,0.699282,,
1568115217.719055000,,,,,,,,,,371173
1568115217.919557000,,,,,,,,0.698965,,
1568115217.919557000,,,,,,,,,,372682
1568115218.119907000,,,,,,,,0.699217,,
1568115218.119907000,,,,,,,,,,374070
1568115218.320315000,,,,,,,,0.699086,,
1568115218.320315000,,,,,,,,,,375677
1568115218.520740000,,,,,,,,0.699253,,
1568115218.520740000,,,,,,,,,,377388
1568115218.721113000,,,,,,,,0.699839,,
1568115218.721113000,,,,,,,,,,378909
1568115218.921461000,,,,,,,,0.699796,,
1568115218.921461000,,,,,,,,,,380443
1568115219.121827000,,,,,,,,0.69978,,
1568115219.121827000,,,,,,,,,,381940
1568115219.322239000,,,,,,,,0.699691,,
1568115219.322239000,,,,,,,,,,383345
1568115219.522622000,,,,,,,,0.697314,,
1568115219.522622000,,,,,,,,,,384675
1568115219.722999000,,,,,,,,0.699903,,
1568115219.722999000,,,,,,,,,,385958
1568115219.923387000,,,,,,,,0.69942,,
1568115219.923387000,,,,,,,,,,387447
1568115220.123863000,,,,,,,,0.694578,,
1568115220.123863000,,,,,,,,,,388860
1568115220.324239000,,,,,,,,0.694516,,
1568115220.324239000,,,,,,,,,,390214
1568115220.524652000,,,,,,,,0.693666,,
1568115220.524652000,,,,,,,,,,391587
1568115220.725009000,,,,,,,,0.693313,,
1568115220.725009000,,,,,,,,,,393007
1568115220.925422000,,,,,,,,0.694479,,
1568115220.925422000,,,,,,,,,,394374
1568115221.125858000,,,,,,,,0.692442,,
1568115221.125858000,,,,,,,,,,395689
1568115221.326265000,,,,,,,,0.694332,,
1568115221.326265000,,,,,,,,,,397022
1568115221.526582000,,,,,,,,0.692809,,
1568115221.526582000,,,,,,,,,,398192
1568115221.727088000,,,,,,,,0.692666,,
1568115221.727088000,,,,,,,,,,399587
1568115221.927417000,,,,,,,,0.697002,,
1568115221.927417000,,,,,,,,,,400893
1568115222.127839000,,,,,,,,0.69541,,
1568115222.127839000,,,,,,,,,,402197
1568115222.328262000,,,,,,,,0.697863,,
1568115222.328262000,,,,,,,,,,403565
1568115222.528617000,,,,,,,,0.697626,,
1568115222.528617000,,,,,,,,,,405016
1568115222.729051000,,,,,,,,0.69761,,
1568115222.729051000,,,,,,,,,,406348
1568115222.929458000,,,,,,,,0.698642,,
1568115222.929458000,,,,,,,,,,407538
1568115223.129903000,,,,,,,,0.697774,,
1568115223.129903000,,,,,,,,,,408848
1568115223.330065000,,,,,,,,0.697886,,
1568115223.330065000,,,,,,,,,,410243
1568115223.530594000,,,,,,,,0.697482,,
1568115223.530594000,,,,,,,,,,411522
1568115223.730997000,,,,,,,,0.698174,,
1568115223.730997000,,,,,,,,,,412668
1568115223.931370000,,,,,,,,0.698669,,
1568115223.931370000,,,,,,,,,,413732
1568115224.131751000,,,,,,,,0.698792,,
1568115224.131751000,,,,,,,,,,414938
1568115224.332159000,,,,,,,,0.697992,,
1568115224.332159000,,,,,,,,,,415982
1568115224.532624000,,,,,,,,0.697282,,
1568115224.532624000,,,,,,,,,,416950
1568115224.733001000,,,,,,,,0.697714,,
1568115224.733001000,,,,,,,,,,418082
1568115224.933421000,,,,,,,,0.697658,,
1568115224.933421000,,,,,,,,,,419067
1568115225.133723000,,,,,,,,0.697928,,
1568115225.133723000,,,,,,,,,,419960
1568115225.334171000,,,,,,,,0.697661,,
1568115225.334171000,,,,,,,,,,420854
1568115225.534548000,,,,,,,,0.697853,,
1568115225.534548000,,,,,,,,,,421824
1568115225.734996000,,,,,,,,0.698867,,
1568115225.734996000,,,,,,,,,,422948
1568115225.935331000,,,,,,,,0.697817,,
1568115225.935331000,,,,,,,,,,424003
1568115226.135776000,,,,,,,,0.697092,,
1568115226.135776000,,,,,,,,,,425030
1568115226.336102000,,,,,,,,0.697721,,
1568115226.336102000,,,,,,,,,,426109
1568115226.536597000,,,,,,,,0.697404,,
1568115226.536597000,,,,,,,,,,426938
1568115226.937376000,,,,,,,,0.697593,,
1568115226.937376000,,,,,,,,,,427923
1568115227.137758000,,,,,,,,0.695,,
1568115227.137758000,,,,,,,,,,428996
1568115227.538517000,,,,,,,,0.691797,,
1568115227.538517000,,,,,,,,,,429889
1568115227.738874000,,,,,,,,0.68843,,
1568115227.738874000,,,,,,,,,,430564
1568115227.939278000,,,,,,,,0.687831,,
1568115227.939278000,,,,,,,,,,431448
1568115228.340126000,,,,,,,,0.689105,,
1568115228.340126000,,,,,,,,,,432364
1568115228.540499000,,,,,,,,0.690024,,
1568115228.540499000,,,,,,,,,,433384
1568115228.740887000,,,,,,,,0.689812,,
1568115228.740887000,,,,,,,,,,434326
1568115228.941244000,,,,,,,,0.691087,,
1568115228.941244000,,,,,,,,,,435327
1568115229.141751000,,,,,,,,0.693803,,
1568115229.141751000,,,,,,,,,,436573
1568115229.342045000,,,,,,,,0.692142,,
1568115229.342045000,,,,,,,,,,437751
1568115229.542429000,,,,,,,,0.696553,,
1568115229.542429000,,,,,,,,,,438867
1568115229.742901000,,,,,,,,0.697168,,
1568115229.742901000,,,,,,,,,,440041
1568115229.943186000,,,,,,,,0.697383,,
1568115229.943186000,,,,,,,,,,441319
1568115230.143615000,,,,,,,,0.697024,,
1568115230.143615000,,,,,,,,,,442499
1568115230.344027000,,,,,,,,0.697604,,
1568115230.344027000,,,,,,,,,,443550
1568115230.544420000,,,,,,,,0.695153,,
1568115230.544420000,,,,,,,,,,444653
1568115230.744810000,,,,,,,,0.696283,,
1568115230.744810000,,,,,,,,,,445801
1568115230.945190000,,,,,,,,0.696272,,
1568115230.945190000,,,,,,,,,,446885
1568115231.145567000,,,,,,,,0.698817,,
1568115231.145567000,,,,,,,,,,448022
1568115231.345974000,,,,,,,,0.697983,,
1568115231.345974000,,,,,,,,,,449113
1568115231.546405000,,,,,,,,0.699037,,
1568115231.546405000,,,,,,,,,,450163
1568115231.746795000,,,,,,,,0.699705,,
1568115231.746795000,,,,,,,,,,451250
1568115231.947237000,,,,,,,,0.699937,,
1568115231.947237000,,,,,,,,,,452425
1568115232.147613000,,,,,,,,0.69994,,
1568115232.147613000,,,,,,,,,,453542
1568115232.347997000,,,,,,,,0.699868,,
1568115232.347997000,,,,,,,,,,454713
1568115232.548363000,,,,,,,,0.699811,,
1568115232.548363000,,,,,,,,,,455854
1568115232.748761000,,,,,,,,0.699883,,
1568115232.748761000,,,,,,,,,,457130
1568115232.949224000,,,,,,,,0.699653,,
1568115232.949224000,,,,,,,,,,458436
1568115233.149577000,,,,,,,,0.699596,,
1568115233.149577000,,,,,,,,,,459607
1568115233.349990000,,,,,,,,0.699872,,
1568115233.349990000,,,,,,,,,,460854
1568115233.550351000,,,,,,,,0.699798,,
1568115233.550351000,,,,,,,,,,462013
1568115233.750763000,,,,,,,,0.699327,,
1568115233.750763000,,,,,,,,,,463354
1568115233.951127000,,,,,,,,0.699227,,
1568115233.951127000,,,,,,,,,,464614
1568115234.151549000,,,,,,,,0.699024,,
1568115234.151549000,,,,,,,,,,465973
1568115234.351918000,,,,,,,,0.699031,,
1568115234.351918000,,,,,,,,,,467183
1568115234.552351000,,,,,,,,0.698845,,
1568115234.552351000,,,,,,,,,,468310
1568115234.752755000,,,,,,,,0.698985,,
1568115234.752755000,,,,,,,,,,469440
1568115234.953198000,,,,,,,,0.698136,,
1568115234.953198000,,,,,,,,,,470570
1568115235.153549000,,,,,,,,0.699435,,
1568115235.153549000,,,,,,,,,,471813
1568115235.353958000,,,,,,,,0.699643,,
1568115235.353958000,,,,,,,,,,473087
1568115235.554286000,,,,,,,,0.696891,,
1568115235.554286000,,,,,,,,,,474278
1568115235.754691000,,,,,,,,0.698474,,
1568115235.754691000,,,,,,,,,,475526
1568115235.955080000,,,,,,,,0.699498,,
1568115235.955080000,,,,,,,,,,476727
1568115236.155491000,,,,,,,,0.698836,,
1568115236.155491000,,,,,,,,,,478004
1568115236.355925000,,,,,,,,0.697181,,
1568115236.355925000,,,,,,,,,,479331
1568115236.556291000,,,,,,,,0.693559,,
1568115236.556291000,,,,,,,,,,480485
1568115236.756770000,,,,,,,,0.69468,,
1568115236.756770000,,,,,,,,,,481742
1568115236.957169000,,,,,,,,0.694296,,
1568115236.957169000,,,,,,,,,,483202
1568115237.157542000,,,,,,,,0.697264,,
1568115237.157542000,,,,,,,,,,484490
1568115237.357975000,,,,,,,,0.694346,,
1568115237.357975000,,,,,,,,,,485861
1568115237.558255000,,,,,,,,0.69525,,
1568115237.558255000,,,,,,,,,,487234
1568115237.758697000,,,,,,,,0.694926,,
1568115237.758697000,,,,,,,,,,488691
1568115237.959199000,,,,,,,,0.695155,,
1568115237.959199000,,,,,,,,,,490014
1568115238.159563000,,,,,,,,0.696211,,
1568115238.159563000,,,,,,,,,,491386
1568115238.359916000,,,,,,,,0.695204,,
1568115238.359916000,,,,,,,,,,492703
1568115238.560335000,,,,,,,,0.696264,,
1568115238.560335000,,,,,,,,,,494032
1568115238.760756000,,,,,,,,0.698519,,
1568115238.760756000,,,,,,,,,,495515
1568115238.961123000,,,,,,,,0.696673,,
1568115238.961123000,,,,,,,,,,496964
1568115239.161503000,,,,,,,,0.693559,,
1568115239.161503000,,,,,,,,,,498170
1568115239.361904000,,,,,,,,0.692145,,
1568115239.361904000,,,,,,,,,,499491
1568115239.562274000,,,,,,,,0.698474,,
1568115239.562274000,,,,,,,,,,500866
1568115239.762744000,,,,,,,,0.697071,,
1568115239.762744000,,,,,,,,,,502200
1568115239.963194000,,,,,,,,0.696158,,
1568115239.963194000,,,,,,,,,,503538
1568115240.163589000,,,,,,,,0.698743,,
1568115240.163589000,,,,,,,,,,504860
1568115240.363899000,,,,,,,,0.697964,,
1568115240.363899000,,,,,,,,,,506345
1568115240.564323000,,,,,,,,0.697764,,
1568115240.564323000,,,,,,,,,,507869
1568115240.764688000,,,,,,,,0.699638,,
1568115240.764688000,,,,,,,,,,509345
1568115240.965113000,,,,,,,,0.69922,,
1568115240.965113000,,,,,,,,,,510901
1568115241.165524000,,,,,,,,0.698414,,
1568115241.165524000,,,,,,,,,,512478
1568115241.365944000,,,,,,,,0.699515,,
1568115241.365944000,,,,,,,,,,514313
1568115241.566229000,,,,,,,,0.699732,,
1568115241.566229000,,,,,,,,,,516284
1568115241.766605000,,,,,,,,0.698898,,
1568115241.766605000,,,,,,,,,,518326
1568115241.967030000,,,,,,,,0.699448,,
1568115241.967030000,,,,,,,,,,519820
1568115242.167425000,,,,,,,,0.699581,,
1568115242.167425000,,,,,,,,,,521359
1568115242.367878000,,,,,,,,0.699769,,
1568115242.367878000,,,,,,,,,,522827
1568115242.568249000,,,,,,,,0.699896,,
1568115242.568249000,,,,,,,,,,524383
1568115242.768690000,,,,,,,,0.69652,,
1568115242.768690000,,,,,,,,,,525973
1568115242.969083000,,,,,,,,0.699835,,
1568115242.969083000,,,,,,,,,,527610
1568115243.169410000,,,,,,,,0.697743,,
1568115243.169410000,,,,,,,,,,529285
1568115243.369859000,,,,,,,,0.69729,,
1568115243.369859000,,,,,,,,,,531024
1568115243.570212000,,,,,,,,0.698457,,
1568115243.570212000,,,,,,,,,,532874
1568115243.770722000,,,,,,,,0.699958,,
1568115243.770722000,,,,,,,,,,534658
1568115243.971074000,,,,,,,,0.699173,,
1568115243.971074000,,,,,,,,,,536600
1568115244.171473000,,,,,,,,0.699424,,
1568115244.171473000,,,,,,,,,,538383
1568115244.371841000,,,,,,,,0.698751,,
1568115244.371841000,,,,,,,,,,540282
1568115244.572246000,,,,,,,,0.698713,,
1568115244.572246000,,,,,,,,,,542168
1568115244.772652000,,,,,,,,0.698234,,
1568115244.772652000,,,,,,,,,,544093
1568115244.972994000,,,,,,,,0.698838,,
1568115244.972994000,,,,,,,,,,545939
1568115245.173471000,,,,,,,,0.699607,,
1568115245.173471000,,,,,,,,,,547741
1568115245.373785000,,,,,,,,0.699209,,
1568115245.373785000,,,,,,,,,,549619
1568115245.574167000,,,,,,,,0.698864,,
1568115245.574167000,,,,,,,,,,551421
1568115245.774637000,,,,,,,,0.698664,,
1568115245.774637000,,,,,,,,,,553078
1568115246.175430000,,,,,,,,0.699585,,
1568115246.175430000,,,,,,,,,,554947
1568115246.576183000,,,,,,,,0.699286,,
1568115246.576183000,,,,,,,,,,557044
1568115246.977053000,,,,,,,,0.698244,,
1568115246.977053000,,,,,,,,,,558846
1568115247.177389000,,,,,,,,0.697408,,
1568115247.177389000,,,,,,,,,,560711
1568115247.377931000,,,,,,,,0.699171,,
1568115247.377931000,,,,,,,,,,562320
1568115247.778565000,,,,,,,,0.699586,,
1568115247.778565000,,,,,,,,,,564014
1568115247.978955000,,,,,,,,0.698897,,
1568115247.978955000,,,,,,,,,,565826
1568115248.179379000,,,,,,,,0.699924,,
1568115248.179379000,,,,,,,,,,567512
1568115248.379727000,,,,,,,,0.699622,,
1568115248.379727000,,,,,,,,,,569414
1568115248.580283000,,,,,,,,0.699724,,
1568115248.580283000,,,,,,,,,,571204
1568115248.780625000,,,,,,,,0.699915,,
1568115248.780625000,,,,,,,,,,572899
1568115248.980976000,,,,,,,,0.69982,,
1568115248.980976000,,,,,,,,,,574794
1568115249.181308000,,,,,,,,0.699724,,
1568115249.181308000,,,,,,,,,,576752
1568115249.381729000,,,,,,,,0.699311,,
1568115249.381729000,,,,,,,,,,578498
1568115249.582190000,,,,,,,,0.699612,,
1568115249.582190000,,,,,,,,,,580447
1568115249.982986000,,,,,,,,0.699675,,
1568115249.982986000,,,,,,,,,,582243
1568115250.183337000,,,,,,,,0.699582,,
1568115250.183337000,,,,,,,,,,584198
1568115250.383752000,,,,,,,,0.699468,,
1568115250.383752000,,,,,,,,,,586033
1568115250.784552000,,,,,,,,0.69962,,
1568115250.784552000,,,,,,,,,,588086
1568115251.185372000,,,,,,,,0.699287,,
1568115251.185372000,,,,,,,,,,589872
1568115251.586157000,,,,,,,,0.698141,,
1568115251.586157000,,,,,,,,,,591702
1568115251.986955000,,,,,,,,0.699262,,
1568115251.986955000,,,,,,,,,,593486
1568115252.387599000,,,,,,,,0.698515,,
1568115252.387599000,,,,,,,,,,595598
1568115252.588077000,,,,,,,,0.699517,,
1568115252.588077000,,,,,,,,,,597656
1568115252.988913000,,,,,,,,0.698613,,
1568115252.988913000,,,,,,,,,,599662
1568115253.189290000,,,,,,,,0.69779,,
1568115253.189290000,,,,,,,,,,601798
1568115253.389575000,,,,,,,,0.698343,,
1568115253.389575000,,,,,,,,,,603861
1568115253.790452000,,,,,,,,0.698411,,
1568115253.790452000,,,,,,,,,,606127
1568115253.990796000,,,,,,,,0.698852,,
1568115253.990796000,,,,,,,,,,608283
1568115254.191256000,,,,,,,,0.698789,,
1568115254.191256000,,,,,,,,,,610640
1568115254.391619000,,,,,,,,0.698376,,
1568115254.391619000,,,,,,,,,,612813
1568115254.592061000,,,,,,,,0.698789,,
1568115254.592061000,,,,,,,,,,614996
1568115254.792405000,,,,,,,,0.697662,,
1568115254.792405000,,,,,,,,,,617299
1568115254.992845000,,,,,,,,0.698156,,
1568115254.992845000,,,,,,,,,,619700
1568115255.193207000,,,,,,,,0.699415,,
1568115255.193207000,,,,,,,,,,622127
1568115255.593993000,,,,,,,,0.69772,,
1568115255.593993000,,,,,,,,,,624367
1568115255.794347000,,,,,,,,0.698453,,
1568115255.794347000,,,,,,,,,,626677
1568115256.195224000,,,,,,,,0.697335,,
1568115256.195224000,,,,,,,,,,628961
1568115256.395638000,,,,,,,,0.69851,,
1568115256.395638000,,,,,,,,,,631292
1568115256.595980000,,,,,,,,0.696047,,
1568115256.595980000,,,,,,,,,,633662
1568115256.796473000,,,,,,,,0.698638,,
1568115256.796473000,,,,,,,,,,635757
1568115256.996819000,,,,,,,,0.698573,,
1568115256.996819000,,,,,,,,,,638105
1568115257.197138000,,,,,,,,0.698243,,
1568115257.197138000,,,,,,,,,,640369
1568115257.397546000,,,,,,,,0.699609,,
1568115257.397546000,,,,,,,,,,642664
1568115257.798339000,,,,,,,,0.699162,,
1568115257.798339000,,,,,,,,,,644822
1568115257.998762000,,,,,,,,0.696063,,
1568115257.998762000,,,,,,,,,,646930
1568115258.199185000,,,,,,,,0.697746,,
1568115258.199185000,,,,,,,,,,649007
1568115258.399508000,,,,,,,,0.696405,,
1568115258.399508000,,,,,,,,,,651047
1568115258.800359000,,,,,,,,0.699142,,
1568115258.800359000,,,,,,,,,,653135
1568115259.000712000,,,,,,,,0.698904,,
1568115259.000712000,,,,,,,,,,655211
1568115259.201107000,,,,,,,,0.699458,,
1568115259.201107000,,,,,,,,,,657314
1568115259.401514000,,,,,,,,0.698173,,
1568115259.401514000,,,,,,,,,,659401
1568115259.601922000,,,,,,,,0.699208,,
1568115259.601922000,,,,,,,,,,661544
1568115259.802319000,,,,,,,,0.698923,,
1568115259.802319000,,,,,,,,,,663615
1568115260.002690000,,,,,,,,0.698335,,
1568115260.002690000,,,,,,,,,,665623
1568115260.203104000,,,,,,,,0.698781,,
1568115260.203104000,,,,,,,,,,667547
1568115260.603911000,,,,,,,,0.699204,,
1568115260.603911000,,,,,,,,,,669489
1568115260.804308000,,,,,,,,0.699443,,
1568115260.804308000,,,,,,,,,,671475
1568115261.004703000,,,,,,,,0.699296,,
1568115261.004703000,,,,,,,,,,673488
1568115261.205183000,,,,,,,,0.697238,,
1568115261.205183000,,,,,,,,,,675361
1568115261.405601000,,,,,,,,0.696643,,
1568115261.405601000,,,,,,,,,,677299
1568115261.806325000,,,,,,,,0.697959,,
1568115261.806325000,,,,,,,,,,679234
1568115262.006778000,,,,,,,,0.698436,,
1568115262.006778000,,,,,,,,,,681064
1568115262.207116000,,,,,,,,0.697116,,
1568115262.207116000,,,,,,,,,,682949
1568115262.407549000,,,,,,,,0.697778,,
1568115262.407549000,,,,,,,,,,684793
1568115262.808351000,,,,,,,,0.697954,,
1568115262.808351000,,,,,,,,,,686571
1568115263.008672000,,,,,,,,0.697169,,
1568115263.008672000,,,,,,,,,,688233
1568115263.209133000,,,,,,,,0.696872,,
1568115263.209133000,,,,,,,,,,690105
1568115263.609860000,,,,,,,,0.696703,,
1568115263.609860000,,,,,,,,,,691818
1568115264.010722000,,,,,,,,0.697539,,
1568115264.010722000,,,,,,,,,,693757
1568115264.411555000,,,,,,,,0.697501,,
1568115264.411555000,,,,,,,,,,695680
1568115264.812309000,,,,,,,,0.698909,,
1568115264.812309000,,,,,,,,,,697709
1568115265.213107000,,,,,,,,0.697597,,
1568115265.213107000,,,,,,,,,,699897
1568115265.613934000,,,,,,,,0.698098,,
1568115265.613934000,,,,,,,,,,702010
1568115266.014732000,,,,,,,,0.698039,,
1568115266.014732000,,,,,,,,,,704067
1568115266.215207000,,,,,,,,0.698868,,
1568115266.215207000,,,,,,,,,,706008
1568115266.615917000,,,,,,,,0.69831,,
1568115266.615917000,,,,,,,,,,708086
1568115266.816258000,,,,,,,,0.698584,,
1568115266.816258000,,,,,,,,,,710210
1568115267.016673000,,,,,,,,0.699727,,
1568115267.016673000,,,,,,,,,,712382
1568115267.217119000,,,,,,,,0.698872,,
1568115267.217119000,,,,,,,,,,714560
1568115267.417610000,,,,,,,,0.698795,,
1568115267.417610000,,,,,,,,,,716487
1568115267.617894000,,,,,,,,0.698116,,
1568115267.617894000,,,,,,,,,,718582
1568115267.818243000,,,,,,,,0.698982,,
1568115267.818243000,,,,,,,,,,720526
1568115268.018695000,,,,,,,,0.697905,,
1568115268.018695000,,,,,,,,,,722489
1568115268.419402000,,,,,,,,0.698761,,
1568115268.419402000,,,,,,,,,,724514
1568115268.619840000,,,,,,,,0.699457,,
1568115268.619840000,,,,,,,,,,726315
1568115269.020610000,,,,,,,,0.698863,,
1568115269.020610000,,,,,,,,,,728014
1568115269.221085000,,,,,,,,0.699394,,
1568115269.221085000,,,,,,,,,,729573
1568115269.621887000,,,,,,,,0.6991,,
1568115269.621887000,,,,,,,,,,731010
1568115270.022583000,,,,,,,,0.696197,,
1568115270.022583000,,,,,,,,,,732491
1568115270.423358000,,,,,,,,0.696414,,
1568115270.423358000,,,,,,,,,,733848
1568115270.824244000,,,,,,,,0.697022,,
1568115270.824244000,,,,,,,,,,734840
1568115271.225043000,,,,,,,,0.696319,,
1568115271.225043000,,,,,,,,,,735848
1568115271.625822000,,,,,,,,0.698253,,
1568115271.625822000,,,,,,,,,,736827
1568115272.026621000,,,,,,,,0.697757,,
1568115272.026621000,,,,,,,,,,737751
1568115272.226998000,,,,,,,,0.696961,,
1568115272.226998000,,,,,,,,,,738905
1568115272.627663000,,,,,,,,0.695578,,
1568115272.627663000,,,,,,,,,,740096
1568115272.828015000,,,,,,,,0.696211,,
1568115272.828015000,,,,,,,,,,741219
1568115273.028641000,,,,,,,,0.698769,,
1568115273.028641000,,,,,,,,,,742383
1568115273.429399000,,,,,,,,0.695661,,
1568115273.429399000,,,,,,,,,,743671
1568115274.030548000,,,,,,,,0.697876,,
1568115274.030548000,,,,,,,,,,744897
1568115274.230982000,,,,,,,,0.696701,,
1568115274.230982000,,,,,,,,,,746264
1568115274.631751000,,,,,,,,0.696557,,
1568115274.631751000,,,,,,,,,,747491
1568115275.032571000,,,,,,,,0.6983,,
1568115275.032571000,,,,,,,,,,748800
1568115275.232961000,,,,,,,,0.697396,,
1568115275.232961000,,,,,,,,,,750201
1568115275.633788000,,,,,,,,0.698572,,
1568115275.633788000,,,,,,,,,,751520
1568115275.834125000,,,,,,,,0.698374,,
1568115275.834125000,,,,,,,,,,752849
1568115276.034509000,,,,,,,,0.69945,,
1568115276.034509000,,,,,,,,,,754390
1568115276.234881000,,,,,,,,0.698797,,
1568115276.234881000,,,,,,,,,,755908
1568115276.435328000,,,,,,,,0.697029,,
1568115276.435328000,,,,,,,,,,757293
1568115276.635724000,,,,,,,,0.696574,,
1568115276.635724000,,,,,,,,,,758665
1568115276.836130000,,,,,,,,0.697521,,
1568115276.836130000,,,,,,,,,,760000
1568115277.236902000,,,,,,,,0.696827,,
1568115277.236902000,,,,,,,,,,761458
1568115277.437269000,,,,,,,,0.699379,,
1568115277.437269000,,,,,,,,,,762876
1568115277.637701000,,,,,,,,0.695387,,
1568115277.637701000,,,,,,,,,,764185
1568115278.038468000,,,,,,,,0.698132,,
1568115278.038468000,,,,,,,,,,765438
1568115278.238867000,,,,,,,,0.69808,,
1568115278.238867000,,,,,,,,,,766788
1568115278.439234000,,,,,,,,0.698922,,
1568115278.439234000,,,,,,,,,,768030
1568115278.639644000,,,,,,,,0.696318,,
1568115278.639644000,,,,,,,,,,769231
1568115278.840079000,,,,,,,,0.695868,,
1568115278.840079000,,,,,,,,,,770337
1568115279.240829000,,,,,,,,0.693921,,
1568115279.240829000,,,,,,,,,,771505
1568115279.441231000,,,,,,,,0.692932,,
1568115279.441231000,,,,,,,,,,772552
1568115279.641584000,,,,,,,,0.697108,,
1568115279.641584000,,,,,,,,,,773536
1568115280.042393000,,,,,,,,0.699478,,
1568115280.042393000,,,,,,,,,,774593
1568115280.443199000,,,,,,,,0.69843,,
1568115280.443199000,,,,,,,,,,775723
1568115280.643605000,,,,,,,,0.697596,,
1568115280.643605000,,,,,,,,,,776834
1568115280.843979000,,,,,,,,0.698422,,
1568115280.843979000,,,,,,,,,,777720
1568115281.044418000,,,,,,,,0.699242,,
1568115281.044418000,,,,,,,,,,778651
1568115281.244795000,,,,,,,,0.699209,,
1568115281.244795000,,,,,,,,,,779468
1568115281.445212000,,,,,,,,0.697994,,
1568115281.445212000,,,,,,,,,,780334
1568115281.645563000,,,,,,,,0.698418,,
1568115281.645563000,,,,,,,,,,781227
1568115282.046351000,,,,,,,,0.698012,,
1568115282.046351000,,,,,,,,,,782545
1568115282.247397000,,,,,,,,0.697129,,
1568115282.247397000,,,,,,,,,,783883
1568115282.447137000,,,,,,,,0.696337,,
1568115282.447137000,,,,,,,,,,785143
1568115282.847935000,,,,,,,,0.693295,,
1568115282.847935000,,,,,,,,,,786408
1568115283.048305000,,,,,,,,0.694253,,
1568115283.048305000,,,,,,,,,,787747
1568115283.248703000,,,,,,,,0.696943,,
1568115283.248703000,,,,,,,,,,788978
1568115283.449105000,,,,,,,,0.698252,,
1568115283.449105000,,,,,,,,,,790165
1568115283.849909000,,,,,,,,0.699119,,
1568115283.849909000,,,,,,,,,,791412
1568115284.250711000,,,,,,,,0.699113,,
1568115284.250711000,,,,,,,,,,792838
1568115284.851894000,,,,,,,,0.695663,,
1568115284.851894000,,,,,,,,,,794011
1568115285.252696000,,,,,,,,0.698555,,
1568115285.252696000,,,,,,,,,,795165
1568115285.653572000,,,,,,,,0.69939,,
1568115285.653572000,,,,,,,,,,796619
1568115286.054370000,,,,,,,,0.69986,,
1568115286.054370000,,,,,,,,,,798194
1568115286.455110000,,,,,,,,0.699696,,
1568115286.455110000,,,,,,,,,,799682
1568115286.655543000,,,,,,,,0.699266,,
1568115286.655543000,,,,,,,,,,800977
1568115286.855942000,,,,,,,,0.696449,,
1568115286.855942000,,,,,,,,,,802344
1568115287.056385000,,,,,,,,0.699181,,
1568115287.056385000,,,,,,,,,,803687
1568115287.457168000,,,,,,,,0.698598,,
1568115287.457168000,,,,,,,,,,805054
1568115287.657538000,,,,,,,,0.697714,,
1568115287.657538000,,,,,,,,,,806429
1568115288.058273000,,,,,,,,0.699741,,
1568115288.058273000,,,,,,,,,,807987
1568115288.459111000,,,,,,,,0.698608,,
1568115288.459111000,,,,,,,,,,809409
1568115288.859908000,,,,,,,,0.699022,,
1568115288.859908000,,,,,,,,,,810933
1568115289.260663000,,,,,,,,0.697491,,
1568115289.260663000,,,,,,,,,,812351
1568115289.861931000,,,,,,,,0.69759,,
1568115289.861931000,,,,,,,,,,813672
1568115290.262681000,,,,,,,,0.696195,,
1568115290.262681000,,,,,,,,,,815092
1568115290.863905000,,,,,,,,0.695006,,
1568115290.863905000,,,,,,,,,,816618
1568115291.264682000,,,,,,,,0.694925,,
1568115291.264682000,,,,,,,,,,818087
1568115291.665452000,,,,,,,,0.697632,,
1568115291.665452000,,,,,,,,,,819448
1568115291.865902000,,,,,,,,0.696756,,
1568115291.865902000,,,,,,,,,,820869
1568115292.266610000,,,,,,,,0.69724,,
1568115292.266610000,,,,,,,,,,822173
1568115292.467057000,,,,,,,,0.697364,,
1568115292.467057000,,,,,,,,,,823542
1568115292.667467000,,,,,,,,0.698753,,
1568115292.667467000,,,,,,,,,,825012
1568115292.867945000,,,,,,,,0.697527,,
1568115292.867945000,,,,,,,,,,826355
1568115293.068141000,,,,,,,,0.698692,,
1568115293.068141000,,,,,,,,,,827779
1568115293.469040000,,,,,,,,0.697293,,
1568115293.469040000,,,,,,,,,,829235
1568115293.669475000,,,,,,,,0.69701,,
1568115293.669475000,,,,,,,,,,830714
1568115294.070216000,,,,,,,,0.696656,,
1568115294.070216000,,,,,,,,,,832157
1568115294.270590000,,,,,,,,0.697862,,
1568115294.270590000,,,,,,,,,,833620
1568115294.671403000,,,,,,,,0.698643,,
1568115294.671403000,,,,,,,,,,835407
1568115295.072181000,,,,,,,,0.695999,,
1568115295.072181000,,,,,,,,,,837167
1568115295.673339000,,,,,,,,0.699562,,
1568115295.673339000,,,,,,,,,,838994
1568115296.074134000,,,,,,,,0.695879,,
1568115296.074134000,,,,,,,,,,840913
1568115296.474976000,,,,,,,,0.699032,,
1568115296.474976000,,,,,,,,,,842808
1568115297.076210000,,,,,,,,0.698881,,
1568115297.076210000,,,,,,,,,,844825
1568115297.276644000,,,,,,,,0.698945,,
1568115297.276644000,,,,,,,,,,847015
1568115297.677497000,,,,,,,,0.698661,,
1568115297.677497000,,,,,,,,,,849244
1568115298.078165000,,,,,,,,0.697747,,
1568115298.078165000,,,,,,,,,,851520
1568115298.478973000,,,,,,,,0.696402,,
1568115298.478973000,,,,,,,,,,853782
1568115298.879690000,,,,,,,,0.699154,,
1568115298.879690000,,,,,,,,,,856073
1568115299.480926000,,,,,,,,0.699136,,
1568115299.480926000,,,,,,,,,,858153
1568115299.881769000,,,,,,,,0.696905,,
1568115299.881769000,,,,,,,,,,860343
1568115300.282538000,,,,,,,,0.698108,,
1568115300.282538000,,,,,,,,,,862347
1568115300.883676000,,,,,,,,0.699106,,
1568115300.883676000,,,,,,,,,,864236
1568115301.284470000,,,,,,,,0.699202,,
1568115301.284470000,,,,,,,,,,866111
1568115301.685267000,,,,,,,,0.698431,,
1568115301.685267000,,,,,,,,,,868099
1568115302.086090000,,,,,,,,0.698874,,
1568115302.086090000,,,,,,,,,,870148
1568115302.486871000,,,,,,,,0.696803,,
1568115302.486871000,,,,,,,,,,872001
1568115302.887609000,,,,,,,,0.697082,,
1568115302.887609000,,,,,,,,,,874149
1568115303.288430000,,,,,,,,0.697365,,
1568115303.288430000,,,,,,,,,,876469
1568115303.488840000,,,,,,,,0.697725,,
1568115303.488840000,,,,,,,,,,878588
1568115303.689201000,,,,,,,,0.698923,,
1568115303.689201000,,,,,,,,,,880794
1568115304.090015000,,,,,,,,0.698133,,
1568115304.090015000,,,,,,,,,,882924
1568115304.290388000,,,,,,,,0.699353,,
1568115304.290388000,,,,,,,,,,885112
1568115304.490791000,,,,,,,,0.697598,,
1568115304.490791000,,,,,,,,,,887256
1568115304.691195000,,,,,,,,0.696919,,
1568115304.691195000,,,,,,,,,,889421
1568115304.891598000,,,,,,,,0.69942,,
1568115304.891598000,,,,,,,,,,891937
1568115305.091990000,,,,,,,,0.698973,,
1568115305.091990000,,,,,,,,,,894277
1568115305.292412000,,,,,,,,0.698108,,
1568115305.292412000,,,,,,,,,,896586
1568115305.492784000,,,,,,,,0.69655,,
1568115305.492784000,,,,,,,,,,898926
1568115305.693167000,,,,,,,,0.698874,,
1568115305.693167000,,,,,,,,,,901234
1568115305.893556000,,,,,,,,0.697459,,
1568115305.893556000,,,,,,,,,,903594
1568115306.093993000,,,,,,,,0.69899,,
1568115306.093993000,,,,,,,,,,906097
1568115306.294417000,,,,,,,,0.698604,,
1568115306.294417000,,,,,,,,,,908362
1568115306.494813000,,,,,,,,0.697773,,
1568115306.494813000,,,,,,,,,,910648
1568115306.695109000,,,,,,,,0.698803,,
1568115306.695109000,,,,,,,,,,912924
1568115306.895520000,,,,,,,,0.698225,,
1568115306.895520000,,,,,,,,,,915355
1568115307.096837000,,,,,,,,0.699304,,
1568115307.096837000,,,,,,,,,,917807
1568115307.296322000,,,,,,,,0.698946,,
1568115307.296322000,,,,,,,,,,920123
1568115307.496742000,,,,,,,,0.698045,,
1568115307.496742000,,,,,,,,,,922169
1568115307.697124000,,,,,,,,0.698133,,
1568115307.697124000,,,,,,,,,,924234
1568115307.897514000,,,,,,,,0.699249,,
1568115307.897514000,,,,,,,,,,926396
1568115308.097893000,,,,,,,,0.699191,,
1568115308.097893000,,,,,,,,,,928547
1568115308.498672000,,,,,,,,0.699381,,
1568115308.498672000,,,,,,,,,,930688
1568115308.899503000,,,,,,,,0.699666,,
1568115308.899503000,,,,,,,,,,932906
1568115309.300298000,,,,,,,,0.69915,,
1568115309.300298000,,,,,,,,,,934979
1568115309.500759000,,,,,,,,0.699084,,
1568115309.500759000,,,,,,,,,,937231
1568115309.901481000,,,,,,,,0.699469,,
1568115309.901481000,,,,,,,,,,939367
1568115310.101903000,,,,,,,,0.699559,,
1568115310.101903000,,,,,,,,,,941317
1568115310.302366000,,,,,,,,0.698516,,
1568115310.302366000,,,,,,,,,,943357
1568115310.502674000,,,,,,,,0.69844,,
1568115310.502674000,,,,,,,,,,945568
1568115310.703114000,,,,,,,,0.699332,,
1568115310.703114000,,,,,,,,,,947663
1568115310.903465000,,,,,,,,0.699648,,
1568115310.903465000,,,,,,,,,,949741
1568115311.103849000,,,,,,,,0.699323,,
1568115311.103849000,,,,,,,,,,951868
1568115311.304262000,,,,,,,,0.698642,,
1568115311.304262000,,,,,,,,,,953924
1568115311.504623000,,,,,,,,0.698967,,
1568115311.504623000,,,,,,,,,,955947
1568115311.705087000,,,,,,,,0.697639,,
1568115311.705087000,,,,,,,,,,957865
1568115311.905484000,,,,,,,,0.699271,,
1568115311.905484000,,,,,,,,,,959862
1568115312.105865000,,,,,,,,0.699244,,
1568115312.105865000,,,,,,,,,,961898
1568115312.306332000,,,,,,,,0.699072,,
1568115312.306332000,,,,,,,,,,963807
1568115312.506673000,,,,,,,,0.699365,,
1568115312.506673000,,,,,,,,,,965525
1568115312.707092000,,,,,,,,0.697993,,
1568115312.707092000,,,,,,,,,,967668
1568115312.907466000,,,,,,,,0.697771,,
1568115312.907466000,,,,,,,,,,969503
1568115313.107914000,,,,,,,,0.698433,,
1568115313.107914000,,,,,,,,,,971521
1568115313.308291000,,,,,,,,0.698996,,
1568115313.308291000,,,,,,,,,,973446
1568115313.508713000,,,,,,,,0.699498,,
1568115313.508713000,,,,,,,,,,975297
1568115313.709102000,,,,,,,,0.699569,,
1568115313.709102000,,,,,,,,,,977062
1568115313.909544000,,,,,,,,0.699115,,
1568115313.909544000,,,,,,,,,,978795
1568115314.109897000,,,,,,,,0.698666,,
1568115314.109897000,,,,,,,,,,980527
1568115314.510691000,,,,,,,,0.699713,,
1568115314.510691000,,,,,,,,,,982271
1568115314.911446000,,,,,,,,0.697598,,
1568115314.911446000,,,,,,,,,,983954
1568115315.312304000,,,,,,,,0.697426,,
1568115315.312304000,,,,,,,,,,985593
1568115315.512663000,,,,,,,,0.699227,,
1568115315.512663000,,,,,,,,,,987210
1568115315.713081000,,,,,,,,0.699371,,
1568115315.713081000,,,,,,,,,,989024
1568115315.913522000,,,,,,,,0.698726,,
1568115315.913522000,,,,,,,,,,990599
1568115316.314278000,,,,,,,,0.699009,,
1568115316.314278000,,,,,,,,,,992061
1568115316.514633000,,,,,,,,0.698898,,
1568115316.514633000,,,,,,,,,,993697
1568115316.715075000,,,,,,,,0.699087,,
1568115316.715075000,,,,,,,,,,995359
1568115316.915421000,,,,,,,,0.699856,,
1568115316.915421000,,,,,,,,,,996785
1568115317.115839000,,,,,,,,0.699336,,
1568115317.115839000,,,,,,,,,,998216
1568115317.316293000,,,,,,,,0.699222,,
1568115317.316293000,,,,,,,,,,999724
1568115317.516631000,,,,,,,,0.699255,,
1568115317.516631000,,,,,,,,,,1001359
1568115317.717107000,,,,,,,,0.699675,,
1568115317.717107000,,,,,,,,,,1002984
1568115317.917478000,,,,,,,,0.699063,,
1568115317.917478000,,,,,,,,,,1004448
1568115318.117870000,,,,,,,,0.69893,,
1568115318.117870000,,,,,,,,,,1005924
1568115318.318229000,,,,,,,,0.699215,,
1568115318.318229000,,,,,,,,,,1007520
1568115318.518623000,,,,,,,,0.699525,,
1568115318.518623000,,,,,,,,,,1008946
1568115318.719008000,,,,,,,,0.699301,,
1568115318.719008000,,,,,,,,,,1010356
1568115318.919418000,,,,,,,,0.69925,,
1568115318.919418000,,,,,,,,,,1011812
1568115319.119839000,,,,,,,,0.699436,,
1568115319.119839000,,,,,,,,,,1013188
1568115319.320383000,,,,,,,,0.699618,,
1568115319.320383000,,,,,,,,,,1014785
1568115319.520654000,,,,,,,,0.699397,,
1568115319.520654000,,,,,,,,,,1016360
1568115319.720950000,,,,,,,,0.699327,,
1568115319.720950000,,,,,,,,,,1018139
1568115319.921437000,,,,,,,,0.699285,,
1568115319.921437000,,,,,,,,,,1019821
1568115320.121807000,,,,,,,,0.698798,,
1568115320.121807000,,,,,,,,,,1021739
1568115320.522603000,,,,,,,,0.699175,,
1568115320.522603000,,,,,,,,,,1023708
1568115320.923385000,,,,,,,,0.699123,,
1568115320.923385000,,,,,,,,,,1025636
1568115321.123738000,,,,,,,,0.698313,,
1568115321.123738000,,,,,,,,,,1027522
1568115321.524608000,,,,,,,,0.699221,,
1568115321.524608000,,,,,,,,,,1029463
1568115321.724934000,,,,,,,,0.697537,,
1568115321.724934000,,,,,,,,,,1031401
1568115321.925371000,,,,,,,,0.698071,,
1568115321.925371000,,,,,,,,,,1033332
1568115322.326125000,,,,,,,,0.699564,,
1568115322.326125000,,,,,,,,,,1035474
1568115322.526586000,,,,,,,,0.697941,,
1568115322.526586000,,,,,,,,,,1037490
1568115322.927284000,,,,,,,,0.699212,,
1568115322.927284000,,,,,,,,,,1039563
1568115323.328147000,,,,,,,,0.698774,,
1568115323.328147000,,,,,,,,,,1041574
1568115323.728988000,,,,,,,,0.699417,,
1568115323.728988000,,,,,,,,,,1043478
1568115323.929339000,,,,,,,,0.699258,,
1568115323.929339000,,,,,,,,,,1045327
1568115324.330146000,,,,,,,,0.698639,,
1568115324.330146000,,,,,,,,,,1047262
1568115324.530541000,,,,,,,,0.699442,,
1568115324.530541000,,,,,,,,,,1049323
1568115324.730934000,,,,,,,,0.699394,,
1568115324.730934000,,,,,,,,,,1051327
1568115324.931313000,,,,,,,,0.698373,,
1568115324.931313000,,,,,,,,,,1053373
1568115325.131702000,,,,,,,,0.6995,,
1568115325.131702000,,,,,,,,,,1055425
1568115325.332122000,,,,,,,,0.699526,,
1568115325.332122000,,,,,,,,,,1057409
1568115325.532555000,,,,,,,,0.699428,,
1568115325.532555000,,,,,,,,,,1059327
1568115325.732878000,,,,,,,,0.69943,,
1568115325.732878000,,,,,,,,,,1061324
1568115325.933261000,,,,,,,,0.699444,,
1568115325.933261000,,,,,,,,,,1063331
1568115326.133743000,,,,,,,,0.699508,,
1568115326.133743000,,,,,,,,,,1065302
1568115326.334082000,,,,,,,,0.699658,,
1568115326.334082000,,,,,,,,,,1067298
1568115326.534499000,,,,,,,,0.699354,,
1568115326.534499000,,,,,,,,,,1069151
1568115326.734871000,,,,,,,,0.69973,,
1568115326.734871000,,,,,,,,,,1071018
1568115326.935315000,,,,,,,,0.69985,,
1568115326.935315000,,,,,,,,,,1072830
1568115327.135606000,,,,,,,,0.699525,,
1568115327.135606000,,,,,,,,,,1074673
1568115327.336074000,,,,,,,,0.699794,,
1568115327.336074000,,,,,,,,,,1076626
1568115327.536429000,,,,,,,,0.699776,,
1568115327.536429000,,,,,,,,,,1078394
1568115327.736837000,,,,,,,,0.699875,,
1568115327.736837000,,,,,,,,,,1080432
1568115327.937258000,,,,,,,,0.699888,,
1568115327.937258000,,,,,,,,,,1082349
1568115328.137622000,,,,,,,,0.699828,,
1568115328.137622000,,,,,,,,,,1084509
1568115328.338033000,,,,,,,,0.699713,,
1568115328.338033000,,,,,,,,,,1086643
1568115328.538421000,,,,,,,,0.699285,,
1568115328.538421000,,,,,,,,,,1088866
1568115328.738787000,,,,,,,,0.699529,,
1568115328.738787000,,,,,,,,,,1091209
1568115328.939172000,,,,,,,,0.699116,,
1568115328.939172000,,,,,,,,,,1093619
1568115329.139583000,,,,,,,,0.698371,,
1568115329.139583000,,,,,,,,,,1095941
1568115329.340027000,,,,,,,,0.699284,,
1568115329.340027000,,,,,,,,,,1098293
1568115329.540400000,,,,,,,,0.699499,,
1568115329.540400000,,,,,,,,,,1100666
1568115329.740835000,,,,,,,,0.69957,,
1568115329.740835000,,,,,,,,,,1102962
1568115329.941148000,,,,,,,,0.698783,,
1568115329.941148000,,,,,,,,,,1105340
1568115330.141548000,,,,,,,,0.699946,,
1568115330.141548000,,,,,,,,,,1107664
1568115330.542335000,,,,,,,,0.6997,,
1568115330.542335000,,,,,,,,,,1110085
1568115330.742793000,,,,,,,,0.698276,,
1568115330.742793000,,,,,,,,,,1112414
1568115330.943172000,,,,,,,,0.697965,,
1568115330.943172000,,,,,,,,,,1114741
1568115331.143551000,,,,,,,,0.699442,,
1568115331.143551000,,,,,,,,,,1117212
1568115331.343959000,,,,,,,,0.699577,,
1568115331.343959000,,,,,,,,,,1119688
1568115331.544291000,,,,,,,,0.698642,,
1568115331.544291000,,,,,,,,,,1122051
1568115331.744740000,,,,,,,,0.698638,,
1568115331.744740000,,,,,,,,,,1124565
1568115332.145566000,,,,,,,,0.699122,,
1568115332.145566000,,,,,,,,,,1126756
1568115332.345951000,,,,,,,,0.699374,,
1568115332.345951000,,,,,,,,,,1129059
1568115332.746760000,,,,,,,,0.699154,,
1568115332.746760000,,,,,,,,,,1131394
1568115332.947135000,,,,,,,,0.69941,,
1568115332.947135000,,,,,,,,,,1133912
1568115333.147578000,,,,,,,,0.699123,,
1568115333.147578000,,,,,,,,,,1136318
1568115333.347921000,,,,,,,,0.697749,,
1568115333.347921000,,,,,,,,,,1138877
1568115333.548312000,,,,,,,,0.698293,,
1568115333.548312000,,,,,,,,,,1141400
1568115333.949114000,,,,,,,,0.698303,,
1568115333.949114000,,,,,,,,,,1143970
1568115334.149497000,,,,,,,,0.699392,,
1568115334.149497000,,,,,,,,,,1146517
1568115334.349919000,,,,,,,,0.699375,,
1568115334.349919000,,,,,,,,,,1148954
1568115334.550246000,,,,,,,,0.69966,,
1568115334.550246000,,,,,,,,,,1151449
1568115334.750637000,,,,,,,,0.696496,,
1568115334.750637000,,,,,,,,,,1153938
1568115334.951069000,,,,,,,,0.699437,,
1568115334.951069000,,,,,,,,,,1156363
1568115335.151520000,,,,,,,,0.699424,,
1568115335.151520000,,,,,,,,,,1158891
1568115335.351929000,,,,,,,,0.69896,,
1568115335.351929000,,,,,,,,,,1161302
1568115335.552282000,,,,,,,,0.698982,,
1568115335.552282000,,,,,,,,,,1163787
1568115335.752650000,,,,,,,,0.698542,,
1568115335.752650000,,,,,,,,,,1166295
1568115335.953058000,,,,,,,,0.698912,,
1568115335.953058000,,,,,,,,,,1168551
1568115336.153419000,,,,,,,,0.698692,,
1568115336.153419000,,,,,,,,,,1170921
1568115336.353858000,,,,,,,,0.698792,,
1568115336.353858000,,,,,,,,,,1173433
1568115336.554231000,,,,,,,,0.699568,,
1568115336.554231000,,,,,,,,,,1175737
1568115336.955075000,,,,,,,,0.699563,,
1568115336.955075000,,,,,,,,,,1177996
1568115337.556295000,,,,,,,,0.699234,,
1568115337.556295000,,,,,,,,,,1180577
1568115337.957111000,,,,,,,,0.699349,,
1568115337.957111000,,,,,,,,,,1183013
1568115338.357882000,,,,,,,,0.699608,,
1568115338.357882000,,,,,,,,,,1185295
1568115338.558226000,,,,,,,,0.69953,,
1568115338.558226000,,,,,,,,,,1187671
1568115338.959041000,,,,,,,,0.698874,,
1568115338.959041000,,,,,,,,,,1189973
1568115339.159448000,,,,,,,,0.698973,,
1568115339.159448000,,,,,,,,,,1192320
1568115339.359850000,,,,,,,,0.698638,,
1568115339.359850000,,,,,,,,,,1194746
1568115339.560240000,,,,,,,,0.699048,,
1568115339.560240000,,,,,,,,,,1197224
1568115339.961057000,,,,,,,,0.698949,,
1568115339.961057000,,,,,,,,,,1199630
1568115340.161542000,,,,,,,,0.699299,,
1568115340.161542000,,,,,,,,,,1201972
1568115340.361830000,,,,,,,,0.698518,,
1568115340.361830000,,,,,,,,,,1204352
1568115340.562208000,,,,,,,,0.698411,,
1568115340.562208000,,,,,,,,,,1206718
1568115340.762681000,,,,,,,,0.699173,,
1568115340.762681000,,,,,,,,,,1208959
1568115340.963047000,,,,,,,,0.698981,,
1568115340.963047000,,,,,,,,,,1211414
1568115341.163477000,,,,,,,,0.699159,,
1568115341.163477000,,,,,,,,,,1213740
1568115341.363790000,,,,,,,,0.699661,,
1568115341.363790000,,,,,,,,,,1216386
1568115341.564237000,,,,,,,,0.699458,,
1568115341.564237000,,,,,,,,,,1218925
1568115341.764591000,,,,,,,,0.699245,,
1568115341.764591000,,,,,,,,,,1221372
1568115341.965070000,,,,,,,,0.698718,,
1568115341.965070000,,,,,,,,,,1223795
1568115342.165480000,,,,,,,,0.699168,,
1568115342.165480000,,,,,,,,,,1226289
1568115342.365879000,,,,,,,,0.69975,,
1568115342.365879000,,,,,,,,,,1228731
1568115342.566171000,,,,,,,,0.69874,,
1568115342.566171000,,,,,,,,,,1231209
1568115342.967006000,,,,,,,,0.699066,,
1568115342.967006000,,,,,,,,,,1233739
1568115343.568176000,,,,,,,,0.697613,,
1568115343.568176000,,,,,,,,,,1236302
1568115343.969047000,,,,,,,,0.698847,,
1568115343.969047000,,,,,,,,,,1238898
1568115344.369853000,,,,,,,,0.696528,,
1568115344.369853000,,,,,,,,,,1241177
1568115344.570168000,,,,,,,,0.69755,,
1568115344.570168000,,,,,,,,,,1243565
1568115344.971009000,,,,,,,,0.698425,,
1568115344.971009000,,,,,,,,,,1245980
1568115345.171364000,,,,,,,,0.698843,,
1568115345.171364000,,,,,,,,,,1248363
1568115345.371729000,,,,,,,,0.699133,,
1568115345.371729000,,,,,,,,,,1250641
1568115345.572160000,,,,,,,,0.698714,,
1568115345.572160000,,,,,,,,,,1252897
1568115345.972912000,,,,,,,,0.699655,,
1568115345.972912000,,,,,,,,,,1255301
1568115346.173354000,,,,,,,,0.699678,,
1568115346.173354000,,,,,,,,,,1257683
1568115346.373739000,,,,,,,,0.699444,,
1568115346.373739000,,,,,,,,,,1259992
1568115346.574044000,,,,,,,,0.69924,,
1568115346.574044000,,,,,,,,,,1262257
1568115346.774554000,,,,,,,,0.699721,,
1568115346.774554000,,,,,,,,,,1264554
1568115346.974959000,,,,,,,,0.69931,,
1568115346.974959000,,,,,,,,,,1266823
1568115347.175335000,,,,,,,,0.699541,,
1568115347.175335000,,,,,,,,,,1269060
1568115347.375776000,,,,,,,,0.699841,,
1568115347.375776000,,,,,,,,,,1271296
1568115347.576179000,,,,,,,,0.69852,,
1568115347.576179000,,,,,,,,,,1273527
1568115347.776516000,,,,,,,,0.69794,,
1568115347.776516000,,,,,,,,,,1276058
1568115347.976973000,,,,,,,,0.698928,,
1568115347.976973000,,,,,,,,,,1278562
1568115348.177356000,,,,,,,,0.699506,,
1568115348.177356000,,,,,,,,,,1280957
1568115348.377749000,,,,,,,,0.698427,,
1568115348.377749000,,,,,,,,,,1283450
1568115348.578125000,,,,,,,,0.697442,,
1568115348.578125000,,,,,,,,,,1285896
1568115348.778507000,,,,,,,,0.697393,,
1568115348.778507000,,,,,,,,,,1288172
1568115348.978929000,,,,,,,,0.697535,,
1568115348.978929000,,,,,,,,,,1290419
1568115349.179323000,,,,,,,,0.698232,,
1568115349.179323000,,,,,,,,,,1292676
1568115349.379639000,,,,,,,,0.699243,,
1568115349.379639000,,,,,,,,,,1294686
1568115349.580201000,,,,,,,,0.697878,,
1568115349.580201000,,,,,,,,,,1296825
1568115349.780529000,,,,,,,,0.697396,,
1568115349.780529000,,,,,,,,,,1298921
1568115349.980925000,,,,,,,,0.69812,,
1568115349.980925000,,,,,,,,,,1300918
1568115350.381708000,,,,,,,,0.695051,,
1568115350.381708000,,,,,,,,,,1303056
1568115350.582097000,,,,,,,,0.696162,,
1568115350.582097000,,,,,,,,,,1305268
1568115350.982935000,,,,,,,,0.698547,,
1568115350.982935000,,,,,,,,,,1307431
1568115351.183332000,,,,,,,,0.695996,,
1568115351.183332000,,,,,,,,,,1309864
1568115351.584054000,,,,,,,,0.698061,,
1568115351.584054000,,,,,,,,,,1311944
1568115351.984889000,,,,,,,,0.697073,,
1568115351.984889000,,,,,,,,,,1314261
1568115352.385624000,,,,,,,,0.697125,,
1568115352.385624000,,,,,,,,,,1316691
1568115352.786411000,,,,,,,,0.698029,,
1568115352.786411000,,,,,,,,,,1319222
1568115353.187186000,,,,,,,,0.697697,,
1568115353.187186000,,,,,,,,,,1321769
1568115353.588001000,,,,,,,,0.698666,,
1568115353.588001000,,,,,,,,,,1324102
1568115353.788343000,,,,,,,,0.698871,,
1568115353.788343000,,,,,,,,,,1326841
1568115354.189199000,,,,,,,,0.698441,,
1568115354.189199000,,,,,,,,,,1329600
1568115354.389598000,,,,,,,,0.698349,,
1568115354.389598000,,,,,,,,,,1332148
1568115354.790390000,,,,,,,,0.698633,,
1568115354.790390000,,,,,,,,,,1335006
1568115355.191230000,,,,,,,,0.698646,,
1568115355.191230000,,,,,,,,,,1337898
1568115355.591904000,,,,,,,,0.698889,,
1568115355.591904000,,,,,,,,,,1340823
1568115355.992725000,,,,,,,,0.697146,,
1568115355.992725000,,,,,,,,,,1343548
1568115356.193116000,,,,,,,,0.694984,,
1568115356.193116000,,,,,,,,,,1346452
1568115356.593982000,,,,,,,,0.698295,,
1568115356.593982000,,,,,,,,,,1349642
1568115356.994674000,,,,,,,,0.697857,,
1568115356.994674000,,,,,,,,,,1352604
1568115357.195095000,,,,,,,,0.697597,,
1568115357.195095000,,,,,,,,,,1355552
1568115357.395519000,,,,,,,,0.698699,,
1568115357.395519000,,,,,,,,,,1358315
1568115357.796255000,,,,,,,,0.697278,,
1568115357.796255000,,,,,,,,,,1361288
1568115357.996704000,,,,,,,,0.698092,,
1568115357.996704000,,,,,,,,,,1364087
1568115358.197059000,,,,,,,,0.697899,,
1568115358.197059000,,,,,,,,,,1367025
1568115358.397510000,,,,,,,,0.69789,,
1568115358.397510000,,,,,,,,,,1370004
1568115358.597875000,,,,,,,,0.698583,,
1568115358.597875000,,,,,,,,,,1372871
1568115358.798274000,,,,,,,,0.698087,,
1568115358.798274000,,,,,,,,,,1375741
1568115358.998693000,,,,,,,,0.698152,,
1568115358.998693000,,,,,,,,,,1378648
1568115359.199040000,,,,,,,,0.697982,,
1568115359.199040000,,,,,,,,,,1381533
1568115359.599840000,,,,,,,,0.697398,,
1568115359.599840000,,,,,,,,,,1384481
1568115359.800251000,,,,,,,,0.697355,,
1568115359.800251000,,,,,,,,,,1387509
1568115360.000637000,,,,,,,,0.696647,,
1568115360.000637000,,,,,,,,,,1390442
1568115360.201029000,,,,,,,,0.694783,,
1568115360.201029000,,,,,,,,,,1393339
1568115360.401434000,,,,,,,,0.696994,,
1568115360.401434000,,,,,,,,,,1396270
1568115360.802222000,,,,,,,,0.694633,,
1568115360.802222000,,,,,,,,,,1399298
1568115361.002635000,,,,,,,,0.69604,,
1568115361.002635000,,,,,,,,,,1402295
1568115361.403415000,,,,,,,,0.695798,,
1568115361.403415000,,,,,,,,,,1405212
1568115361.804228000,,,,,,,,0.696068,,
1568115361.804228000,,,,,,,,,,1408060
1568115362.205036000,,,,,,,,0.697328,,
1568115362.205036000,,,,,,,,,,1411109
1568115362.806301000,,,,,,,,0.698477,,
1568115362.806301000,,,,,,,,,,1413971
1568115363.207119000,,,,,,,,0.697341,,
1568115363.207119000,,,,,,,,,,1416916
1568115363.808313000,,,,,,,,0.697783,,
1568115363.808313000,,,,,,,,,,1419812
1568115364.409451000,,,,,,,,0.697353,,
1568115364.409451000,,,,,,,,,,1422723
1568115364.609858000,,,,,,,,0.696964,,
1568115364.609858000,,,,,,,,,,1425736
1568115365.010677000,,,,,,,,0.69743,,
1568115365.010677000,,,,,,,,,,1428824
1568115365.411453000,,,,,,,,0.697849,,
1568115365.411453000,,,,,,,,,,1431679
1568115365.812144000,,,,,,,,0.698078,,
1568115365.812144000,,,,,,,,,,1434767
1568115366.012549000,,,,,,,,0.697781,,
1568115366.012549000,,,,,,,,,,1437759
1568115366.213010000,,,,,,,,0.697369,,
1568115366.213010000,,,,,,,,,,1440754
1568115366.613823000,,,,,,,,0.698623,,
1568115366.613823000,,,,,,,,,,1443720
1568115366.814220000,,,,,,,,0.697719,,
1568115366.814220000,,,,,,,,,,1446464
1568115367.215021000,,,,,,,,0.696282,,
1568115367.215021000,,,,,,,,,,1449221
1568115367.415388000,,,,,,,,0.696153,,
1568115367.415388000,,,,,,,,,,1452070
1568115367.615825000,,,,,,,,0.697839,,
1568115367.615825000,,,,,,,,,,1454807
1568115367.816192000,,,,,,,,0.698224,,
1568115367.816192000,,,,,,,,,,1457292
1568115368.217000000,,,,,,,,0.696315,,
1568115368.217000000,,,,,,,,,,1459553
1568115368.417347000,,,,,,,,0.694968,,
1568115368.417347000,,,,,,,,,,1461948
1568115368.818214000,,,,,,,,0.69926,,
1568115368.818214000,,,,,,,,,,1464534
1568115369.018554000,,,,,,,,0.694674,,
1568115369.018554000,,,,,,,,,,1467017
1568115369.619729000,,,,,,,,0.698618,,
1568115369.619729000,,,,,,,,,,1469291
1568115370.020600000,,,,,,,,0.69406,,
1568115370.020600000,,,,,,,,,,1471731
1568115370.421342000,,,,,,,,0.696519,,
1568115370.421342000,,,,,,,,,,1474047
1568115370.822159000,,,,,,,,0.697659,,
1568115370.822159000,,,,,,,,,,1476592
1568115371.222905000,,,,,,,,0.699111,,
1568115371.222905000,,,,,,,,,,1479150
1568115371.423314000,,,,,,,,0.699631,,
1568115371.423314000,,,,,,,,,,1481688
1568115371.824177000,,,,,,,,0.699681,,
1568115371.824177000,,,,,,,,,,1484138
1568115372.024565000,,,,,,,,0.699662,,
1568115372.024565000,,,,,,,,,,1486682
1568115372.425304000,,,,,,,,0.699903,,
1568115372.425304000,,,,,,,,,,1489213
1568115372.625753000,,,,,,,,0.699792,,
1568115372.625753000,,,,,,,,,,1491748
1568115373.026515000,,,,,,,,0.699212,,
1568115373.026515000,,,,,,,,,,1494287
1568115373.226940000,,,,,,,,0.699307,,
1568115373.226940000,,,,,,,,,,1496784
1568115373.627704000,,,,,,,,0.698463,,
1568115373.627704000,,,,,,,,,,1499186
1568115374.028579000,,,,,,,,0.699615,,
1568115374.028579000,,,,,,,,,,1501497
1568115374.228898000,,,,,,,,0.699784,,
1568115374.228898000,,,,,,,,,,1503694
1568115374.629744000,,,,,,,,0.69959,,
1568115374.629744000,,,,,,,,,,1505963
1568115374.830072000,,,,,,,,0.699382,,
1568115374.830072000,,,,,,,,,,1508182
1568115375.230939000,,,,,,,,0.69824,,
1568115375.230939000,,,,,,,,,,1510454
1568115375.431229000,,,,,,,,0.698152,,
1568115375.431229000,,,,,,,,,,1512862
1568115375.631786000,,,,,,,,0.697986,,
1568115375.631786000,,,,,,,,,,1515212
1568115375.832083000,,,,,,,,0.698528,,
1568115375.832083000,,,,,,,,,,1517702
1568115376.032536000,,,,,,,,0.699403,,
1568115376.032536000,,,,,,,,,,1520074
1568115376.232903000,,,,,,,,0.698771,,
1568115376.232903000,,,,,,,,,,1522366
1568115376.633706000,,,,,,,,0.698684,,
1568115376.633706000,,,,,,,,,,1524602
1568115376.834107000,,,,,,,,0.697945,,
1568115376.834107000,,,,,,,,,,1526885
1568115377.034426000,,,,,,,,0.69757,,
1568115377.034426000,,,,,,,,,,1528988
1568115377.234898000,,,,,,,,0.69621,,
1568115377.234898000,,,,,,,,,,1531133
1568115377.435199000,,,,,,,,0.698191,,
1568115377.435199000,,,,,,,,,,1533260
1568115377.635629000,,,,,,,,0.698659,,
1568115377.635629000,,,,,,,,,,1535474
1568115377.836021000,,,,,,,,0.698165,,
1568115377.836021000,,,,,,,,,,1537664
1568115378.036372000,,,,,,,,0.698194,,
1568115378.036372000,,,,,,,,,,1539848
1568115378.236804000,,,,,,,,0.69812,,
1568115378.236804000,,,,,,,,,,1542066
1568115378.437216000,,,,,,,,0.69876,,
1568115378.437216000,,,,,,,,,,1544109
1568115378.838008000,,,,,,,,0.697887,,
1568115378.838008000,,,,,,,,,,1546318
1568115379.038414000,,,,,,,,0.698083,,
1568115379.038414000,,,,,,,,,,1548541
1568115379.238795000,,,,,,,,0.698395,,
1568115379.238795000,,,,,,,,,,1550971
1568115379.439184000,,,,,,,,0.698519,,
1568115379.439184000,,,,,,,,,,1553325
1568115379.639616000,,,,,,,,0.698836,,
1568115379.639616000,,,,,,,,,,1555639
1568115379.839956000,,,,,,,,0.699119,,
1568115379.839956000,,,,,,,,,,1557841
1568115380.040391000,,,,,,,,0.698806,,
1568115380.040391000,,,,,,,,,,1560027
1568115380.240723000,,,,,,,,0.69817,,
1568115380.240723000,,,,,,,,,,1562322
1568115380.441123000,,,,,,,,0.699025,,
1568115380.441123000,,,,,,,,,,1564414
1568115380.641503000,,,,,,,,0.698806,,
1568115380.641503000,,,,,,,,,,1566649
1568115381.042350000,,,,,,,,0.699444,,
1568115381.042350000,,,,,,,,,,1568855
1568115381.242748000,,,,,,,,0.699337,,
1568115381.242748000,,,,,,,,,,1570988
1568115381.443122000,,,,,,,,0.698275,,
1568115381.443122000,,,,,,,,,,1573109
1568115381.643575000,,,,,,,,0.699526,,
1568115381.643575000,,,,,,,,,,1575139
1568115381.843942000,,,,,,,,0.699448,,
1568115381.843942000,,,,,,,,,,1577347
1568115382.044296000,,,,,,,,0.698975,,
1568115382.044296000,,,,,,,,,,1579525
1568115382.244700000,,,,,,,,0.697746,,
1568115382.244700000,,,,,,,,,,1581610
1568115382.445134000,,,,,,,,0.699306,,
1568115382.445134000,,,,,,,,,,1583854
1568115382.645510000,,,,,,,,0.699457,,
1568115382.645510000,,,,,,,,,,1586123
1568115383.046308000,,,,,,,,0.699607,,
1568115383.046308000,,,,,,,,,,1588202
1568115383.246704000,,,,,,,,0.699186,,
1568115383.246704000,,,,,,,,,,1590517
1568115383.447098000,,,,,,,,0.699241,,
1568115383.447098000,,,,,,,,,,1592780
1568115383.847870000,,,,,,,,0.69884,,
1568115383.847870000,,,,,,,,,,1595068
1568115384.048260000,,,,,,,,0.699513,,
1568115384.048260000,,,,,,,,,,1597378
1568115384.449052000,,,,,,,,0.699467,,
1568115384.449052000,,,,,,,,,,1599458
1568115384.849818000,,,,,,,,0.69921,,
1568115384.849818000,,,,,,,,,,1601728
1568115385.050256000,,,,,,,,0.698758,,
1568115385.050256000,,,,,,,,,,1604035
1568115385.250609000,,,,,,,,0.697822,,
1568115385.250609000,,,,,,,,,,1606353
1568115385.651420000,,,,,,,,0.69882,,
1568115385.651420000,,,,,,,,,,1608691
1568115385.851828000,,,,,,,,0.698629,,
1568115385.851828000,,,,,,,,,,1611006
1568115386.252599000,,,,,,,,0.698051,,
1568115386.252599000,,,,,,,,,,1613311
1568115386.452996000,,,,,,,,0.698533,,
1568115386.452996000,,,,,,,,,,1615646
1568115386.853801000,,,,,,,,0.698402,,
1568115386.853801000,,,,,,,,,,1617831
1568115387.254572000,,,,,,,,0.698779,,
1568115387.254572000,,,,,,,,,,1619968
1568115387.454994000,,,,,,,,0.6986,,
1568115387.454994000,,,,,,,,,,1622251
1568115387.855854000,,,,,,,,0.69959,,
1568115387.855854000,,,,,,,,,,1624559
1568115388.056205000,,,,,,,,0.698522,,
1568115388.056205000,,,,,,,,,,1626728
1568115388.256654000,,,,,,,,0.699025,,
1568115388.256654000,,,,,,,,,,1628920
1568115388.657413000,,,,,,,,0.699524,,
1568115388.657413000,,,,,,,,,,1631014
1568115388.857856000,,,,,,,,0.699486,,
1568115388.857856000,,,,,,,,,,1633223
1568115389.058258000,,,,,,,,0.698319,,
1568115389.058258000,,,,,,,,,,1635311
1568115389.258597000,,,,,,,,0.699881,,
1568115389.258597000,,,,,,,,,,1637431
1568115389.459026000,,,,,,,,0.698504,,
1568115389.459026000,,,,,,,,,,1639537
1568115389.659457000,,,,,,,,0.699374,,
1568115389.659457000,,,,,,,,,,1641796
1568115390.060220000,,,,,,,,0.699782,,
1568115390.060220000,,,,,,,,,,1644010
1568115390.260593000,,,,,,,,0.699553,,
1568115390.260593000,,,,,,,,,,1646086
1568115390.461037000,,,,,,,,0.699105,,
1568115390.461037000,,,,,,,,,,1648302
1568115390.861839000,,,,,,,,0.699536,,
1568115390.861839000,,,,,,,,,,1650408
1568115391.062211000,,,,,,,,0.69951,,
1568115391.062211000,,,,,,,,,,1652612
1568115391.262578000,,,,,,,,0.699222,,
1568115391.262578000,,,,,,,,,,1654709
1568115391.463027000,,,,,,,,0.698495,,
1568115391.463027000,,,,,,,,,,1656928
1568115391.663415000,,,,,,,,0.699144,,
1568115391.663415000,,,,,,,,,,1659201
1568115391.863800000,,,,,,,,0.699615,,
1568115391.863800000,,,,,,,,,,1661337
1568115392.064207000,,,,,,,,0.699438,,
1568115392.064207000,,,,,,,,,,1663560
1568115392.264623000,,,,,,,,0.699445,,
1568115392.264623000,,,,,,,,,,1665843
1568115392.464960000,,,,,,,,0.698152,,
1568115392.464960000,,,,,,,,,,1667908
