Duration,x,y,z,x,y,z,w
1568115182.249475000,14.9277,-1.77011,0.539247,-0.00322702,0.00934315,0.736574,0.676284
1568115182.449218000,14.9322,-1.7709,0.537329,-0.00316482,0.0092862,0.736633,0.676221
1568115182.649601000,14.9274,-1.76783,0.542706,-0.00292141,0.00886145,0.736605,0.676259
1568115182.850530000,14.9252,-1.76799,0.540733,-0.00308055,0.00913952,0.73667,0.676184
1568115183.050397000,14.9297,-1.77059,0.539464,-0.0030621,0.00941226,0.736552,0.676308
1568115183.250772000,14.9325,-1.77039,0.539159,-0.00358278,0.00934153,0.736587,0.676269
1568115183.451182000,14.9345,-1.76846,0.539514,-0.00351557,0.0092302,0.73641,0.676463
1568115183.651558000,14.9324,-1.76698,0.542372,-0.00287011,0.00889417,0.736423,0.676457
1568115183.851977000,14.9338,-1.76859,0.541663,-0.00311964,0.0092533,0.736614,0.676243
1568115184.052352000,14.9351,-1.76904,0.54032,-0.00299937,0.00897513,0.736622,0.676239
1568115184.252748000,14.9341,-1.76844,0.543604,-0.00296495,0.00876568,0.736683,0.676175
1568115184.453173000,14.9362,-1.77026,0.539576,-0.00320857,0.00926542,0.736539,0.676324
1568115184.653570000,14.9335,-1.76948,0.539944,-0.00300496,0.00930442,0.736617,0.676239
1568115184.853984000,14.9328,-1.76764,0.541282,-0.00284736,0.00897991,0.736531,0.676338
1568115185.054391000,14.8983,-1.64053,0.297491,0.00772106,-0.00337094,0.735078,0.67793
1568115185.254776000,14.911,-1.64064,0.293576,0.00884959,-0.00415429,0.735838,0.677087
1568115185.455238000,14.9058,-1.63854,0.29543,0.00982433,-0.00526961,0.735668,0.677251
1568115185.655632000,14.9082,-1.6431,0.297357,0.00853248,-0.0036772,0.736095,0.676815
1568115185.855997000,14.9014,-1.6422,0.292747,0.0088438,-0.00390444,0.73573,0.677206
1568115186.056605000,14.8956,-1.64301,0.296141,0.00803603,-0.00339551,0.735555,0.677408
1568115186.256838000,14.9012,-1.63978,0.294616,0.00908914,-0.00481909,0.735556,0.677385
1568115186.457236000,14.9049,-1.63875,0.30136,0.00865512,-0.00360279,0.735427,0.677539
1568115186.657695000,14.9037,-1.63952,0.293176,0.0094949,-0.00440618,0.736093,0.676799
1568115186.857981000,14.8999,-1.64264,0.293133,0.00864478,-0.00397958,0.735555,0.677398
1568115187.058372000,14.9018,-1.64512,0.295309,0.00807485,-0.00322455,0.735329,0.677654
1568115187.258773000,14.9116,-1.64163,0.298836,0.00838594,-0.00406529,0.735524,0.677435
1568115187.459300000,14.905,-1.64053,0.294799,0.00857966,-0.00402711,0.735456,0.677507
1568115187.659543000,14.9028,-1.64048,0.294267,0.00948407,-0.00507532,0.73533,0.677624
1568115187.859958000,14.9064,-1.64149,0.289301,0.00904486,-0.00474338,0.735411,0.677544
1568115188.060619000,14.9076,-1.64544,0.292443,0.0084028,-0.00380469,0.735952,0.676971
1568115188.260733000,14.9089,-1.64408,0.294934,0.00863954,-0.00369761,0.735741,0.677198
1568115188.461224000,14.9056,-1.64102,0.285295,0.00893714,-0.0047815,0.735388,0.67757
1568115188.661593000,14.901,-1.64275,0.288283,0.00822725,-0.00298862,0.735501,0.677467
1568115188.861977000,14.9074,-1.64134,0.291642,0.00824038,-0.0029618,0.735379,0.677599
1568115189.062316000,14.8968,-1.64716,0.297472,0.00828933,-0.0033849,0.735568,0.677392
1568115189.262836000,14.8982,-1.63893,0.289825,0.00924762,-0.00424209,0.735288,0.677678
1568115189.463213000,14.9002,-1.6429,0.29516,0.00932355,-0.00340734,0.735629,0.677312
1568115189.663565000,14.902,-1.63988,0.285703,0.00904442,-0.00456611,0.735397,0.677561
1568115189.863988000,14.9067,-1.64133,0.291125,0.00854223,-0.00412563,0.735653,0.677292
1568115190.064316000,14.8966,-1.64526,0.301933,0.00785473,-0.00259381,0.735386,0.677598
1568115190.264762000,14.9017,-1.64002,0.29113,0.00897076,-0.0046604,0.735581,0.677362
1568115190.465134000,14.91,-1.64488,0.293886,0.00883728,-0.0040873,0.73575,0.677183
1568115190.665522000,14.9051,-1.63697,0.292722,0.00886288,-0.00513927,0.735664,0.677269
1568115190.865960000,14.9078,-1.64026,0.286204,0.0090687,-0.0034784,0.735892,0.677029
1568115191.066344000,14.9029,-1.64114,0.293275,0.00946544,-0.00436239,0.735858,0.677055
1568115191.266725000,14.9015,-1.63701,0.288439,0.00889073,-0.0038094,0.735285,0.677689
1568115191.467102000,14.8992,-1.64142,0.28826,0.00828469,-0.00320818,0.735272,0.677714
1568115191.667521000,14.8997,-1.63879,0.295099,0.00980209,-0.00492002,0.735215,0.677745
1568115191.868026000,14.9011,-1.63919,0.292446,0.00922389,-0.00447835,0.735462,0.677488
1568115192.068258000,14.9086,-1.6425,0.295702,0.00827992,-0.00414199,0.735383,0.677588
1568115192.268702000,14.916,-1.64098,0.29404,0.00834327,-0.00350827,0.735391,0.677583
1568115192.469153000,14.903,-1.63669,0.294069,0.00928901,-0.0040398,0.73546,0.677492
1568115192.669557000,14.9037,-1.64012,0.287787,0.00900031,-0.00451048,0.735541,0.677405
1568115192.869905000,14.9017,-1.6379,0.294344,0.00891107,-0.00431635,0.735569,0.677378
1568115193.070231000,14.9082,-1.64224,0.297638,0.00891697,-0.00429763,0.735677,0.677261
1568115193.270699000,14.9092,-1.6463,0.301093,0.00793346,-0.00268989,0.735643,0.677317
1568115193.471082000,14.9201,-1.64031,0.294943,0.00907306,-0.00403854,0.735917,0.676999
1568115193.671486000,14.9028,-1.64114,0.294716,0.00925853,-0.00473173,0.735552,0.677388
1568115193.871850000,14.9035,-1.63546,0.293012,0.00935532,-0.00457702,0.735585,0.677353
1568115194.072271000,14.9027,-1.64254,0.287976,0.00856845,-0.00394531,0.735465,0.677497
1568115194.272664000,14.9054,-1.63752,0.286917,0.00945991,-0.005029,0.735396,0.677553
1568115194.473032000,14.8996,-1.63898,0.290885,0.00896901,-0.00426593,0.735287,0.677684
1568115194.673442000,14.8983,-1.64146,0.293232,0.00908635,-0.00440491,0.735329,0.677635
1568115194.873824000,14.91,-1.63878,0.29686,0.00988588,-0.00482407,0.735523,0.677411
1568115195.074178000,14.9079,-1.64546,0.293855,0.00853634,-0.00416806,0.735562,0.677391
1568115195.274664000,14.9086,-1.63841,0.292922,0.00896198,-0.00443612,0.735532,0.677416
1568115195.475029000,14.8987,-1.64012,0.297073,0.00882107,-0.00427252,0.735195,0.677785
1568115195.675436000,14.9048,-1.64108,0.296918,0.00934267,-0.00484431,0.735155,0.677817
1568115195.875793000,14.9077,-1.64185,0.292559,0.0091974,-0.00450039,0.735703,0.677227
1568115196.076275000,14.9054,-1.63932,0.294148,0.0094635,-0.0045339,0.736068,0.676826
1568115196.276636000,14.9006,-1.64341,0.297235,0.00841673,-0.00390435,0.735626,0.677324
1568115196.477071000,14.9029,-1.63799,0.291689,0.0103186,-0.00516595,0.73532,0.677622
1568115196.677525000,14.9054,-1.64215,0.294555,0.00872331,-0.00381635,0.735841,0.677087
1568115196.877936000,14.9062,-1.63517,0.289897,0.00993142,-0.00561041,0.735609,0.677311
1568115197.078188000,14.9071,-1.64267,0.295439,0.00910908,-0.00434914,0.735827,0.677094
1568115197.278616000,14.9044,-1.6433,0.294942,0.00894619,-0.00398398,0.735696,0.677241
1568115197.479156000,14.8993,-1.63837,0.295299,0.00928605,-0.00371311,0.735734,0.677197
1568115197.679431000,14.901,-1.64201,0.291571,0.00870992,-0.00341849,0.735746,0.677193
1568115197.879844000,14.9068,-1.64134,0.295025,0.00812591,-0.00378265,0.735651,0.677302
1568115198.080189000,14.902,-1.64174,0.294556,0.00871288,-0.00332765,0.735256,0.677725
1568115198.280649000,14.9036,-1.63914,0.296044,0.00887481,-0.00431499,0.735489,0.677464
1568115198.481027000,14.9038,-1.64564,0.289476,0.00835445,-0.00413962,0.735598,0.677354
1568115198.681407000,14.9062,-1.64398,0.294612,0.00869689,-0.00416742,0.735313,0.67766
1568115198.881891000,14.9064,-1.63962,0.290063,0.0086879,-0.00393498,0.735427,0.677536
1568115199.082199000,14.901,-1.64177,0.291483,0.00851017,-0.00383317,0.735608,0.677343
1568115199.282577000,14.9027,-1.63852,0.289487,0.00894022,-0.00434322,0.735412,0.677547
1568115199.483020000,14.901,-1.64052,0.294332,0.00945854,-0.00394613,0.735614,0.677324
1568115199.683453000,14.9036,-1.63866,0.295516,0.00906646,-0.00420915,0.73555,0.677396
1568115199.883771000,14.8959,-1.6426,0.295955,0.00929354,-0.00388764,0.735671,0.677265
1568115200.084312000,14.9004,-1.63858,0.289724,0.00966048,-0.00483819,0.735507,0.677431
1568115200.284686000,14.9123,-1.64433,0.296207,0.00837317,-0.00362905,0.735964,0.67696
1568115200.484970000,14.9038,-1.64131,0.289817,0.00971544,-0.00492533,0.735671,0.677252
1568115200.685373000,14.8999,-1.64113,0.300794,0.00935842,-0.00388013,0.735681,0.677253
1568115200.885925000,14.9039,-1.63974,0.296953,0.0095194,-0.00454278,0.735521,0.67742
1568115201.086179000,14.9023,-1.64024,0.294225,0.00923251,-0.00449066,0.735171,0.677803
1568115201.286595000,14.9022,-1.64028,0.29143,0.00893775,-0.00467083,0.735483,0.677468
1568115201.486953000,14.9054,-1.63871,0.290566,0.00923895,-0.00487269,0.735363,0.677593
1568115201.687349000,14.9035,-1.63727,0.288532,0.00903177,-0.00489185,0.735468,0.677481
1568115201.887712000,14.9075,-1.64261,0.284841,0.0092573,-0.00565668,0.735773,0.677142
1568115202.088160000,14.9094,-1.64228,0.291921,0.00946894,-0.0045487,0.735658,0.677272
1568115202.288569000,14.9055,-1.64158,0.28843,0.00937501,-0.00500697,0.735853,0.677058
1568115202.488919000,14.9061,-1.64262,0.29564,0.00918016,-0.0051893,0.735558,0.677379
1568115202.689277000,14.9074,-1.6419,0.288955,0.00958503,-0.0048925,0.735838,0.677073
1568115202.889675000,14.9048,-1.64289,0.287879,0.00914128,-0.00506551,0.735733,0.677191
1568115203.090035000,14.9092,-1.64366,0.294678,0.00847679,-0.00363287,0.735809,0.677127
1568115203.290426000,14.8999,-1.63759,0.293818,0.00905089,-0.00448726,0.735651,0.677285
1568115203.490890000,14.9046,-1.63817,0.287373,0.00938729,-0.00470407,0.735342,0.677615
1568115203.691323000,14.904,-1.64248,0.294114,0.0091594,-0.00421921,0.735612,0.677328
1568115203.891690000,14.903,-1.63638,0.285133,0.00915139,-0.00492284,0.735286,0.677677
1568115204.092104000,14.8908,-1.64096,0.297282,0.00915629,-0.00389349,0.735003,0.677991
1568115204.292507000,14.8946,-1.64353,0.297915,0.0091537,-0.00443594,0.735428,0.677526
1568115204.492859000,14.9022,-1.63875,0.284478,0.00854983,-0.00463888,0.735741,0.677193
1568115204.693206000,14.892,-1.64494,0.300521,0.00856805,-0.00311597,0.7362,0.676702
1568115204.893639000,14.8818,-1.64212,0.297638,0.00930434,-0.00423769,0.737195,0.675603
1568115205.094058000,14.8484,-1.64343,0.290446,0.00867161,-0.00437576,0.738472,0.674214
1568115205.294439000,14.8011,-1.63998,0.293283,0.00936186,-0.0044985,0.740481,0.671997
1568115205.494796000,14.7499,-1.64334,0.290254,0.00888548,-0.00488385,0.743574,0.668576
1568115205.695256000,14.7033,-1.63688,0.294431,0.00848742,-0.00493313,0.750393,0.660919
1568115205.895691000,14.6746,-1.64129,0.302143,0.00788914,-0.00444648,0.760379,0.649417
1568115206.096037000,14.6693,-1.64305,0.295139,0.00856668,-0.00568456,0.767544,0.640914
1568115206.296398000,14.6353,-1.65506,0.296287,0.00683226,-0.00444307,0.771737,0.635889
1568115206.496891000,14.6188,-1.65127,0.29015,0.00765052,-0.00624631,0.773254,0.634019
1568115206.697183000,14.5497,-1.6614,0.299168,0.00747331,-0.00506302,0.771675,0.635952
1568115206.897675000,14.4966,-1.65729,0.296336,0.00932733,-0.00517745,0.769255,0.638853
1568115207.098067000,14.4465,-1.64184,0.302672,0.00871856,-0.00456265,0.761326,0.648295
1568115207.298727000,14.357,-1.65282,0.290255,0.00803058,-0.00553252,0.749298,0.662161
1568115207.498764000,14.2652,-1.66012,0.299944,0.00901221,-0.00698318,0.739549,0.673006
1568115207.699186000,14.1829,-1.65243,0.287078,0.0095354,-0.00729861,0.728258,0.685198
1568115207.899560000,14.0613,-1.68511,0.29743,0.0102926,-0.00878056,0.720072,0.693767
1568115208.099942000,14.0197,-1.65846,0.293017,0.00856935,-0.00909237,0.712553,0.701507
1568115208.500766000,13.9119,-1.61063,0.296342,0.0110023,-0.00881314,0.680886,0.732254
1568115208.701154000,13.8477,-1.63468,0.294006,0.0125434,-0.00860913,0.67088,0.74141
1568115208.901578000,13.789,-1.65473,0.299004,0.0120612,-0.00751072,0.666796,0.745105
1568115209.102009000,13.7402,-1.65631,0.298436,0.0126586,-0.00582196,0.666299,0.745555
1568115209.302346000,13.6724,-1.64881,0.291362,0.0133142,-0.00661788,0.66643,0.74542
1568115209.502717000,13.6008,-1.64413,0.290562,0.0121992,-0.00583634,0.667491,0.744495
1568115209.703147000,13.5381,-1.6332,0.302155,0.0119294,-0.0062073,0.669157,0.742999
1568115209.903617000,13.4673,-1.6224,0.292739,0.0133151,-0.00716397,0.670522,0.741736
1568115210.104055000,13.4048,-1.60686,0.297386,0.0125253,-0.00727688,0.671753,0.740633
1568115210.304355000,13.3378,-1.59488,0.291621,0.0123118,-0.00823089,0.673677,0.738877
1568115210.504753000,13.2789,-1.58866,0.293113,0.0114238,-0.00758895,0.675801,0.736956
1568115210.705059000,13.2054,-1.57574,0.288558,0.0109178,-0.00694975,0.677629,0.73529
1568115210.905554000,13.1394,-1.56038,0.290897,0.010784,-0.0078441,0.67872,0.734276
1568115211.106027000,13.0595,-1.55282,0.297415,0.0114656,-0.00780578,0.679743,0.733319
1568115211.306378000,12.9681,-1.53944,0.290829,0.0119748,-0.00869416,0.680228,0.732851
1568115211.707153000,12.7997,-1.51324,0.290999,0.0114444,-0.00929179,0.680341,0.732747
1568115211.907616000,12.7227,-1.50585,0.289804,0.00981076,-0.00803643,0.68078,0.732379
1568115212.108026000,12.6438,-1.49525,0.280997,0.0109777,-0.00789879,0.680281,0.732827
1568115212.508735000,12.4676,-1.47795,0.29453,0.0129641,-0.00643238,0.675882,0.736868
1568115212.909558000,12.3062,-1.45075,0.288367,0.0132307,-0.00632037,0.665052,0.746653
1568115213.310384000,12.1546,-1.42385,0.307215,0.0144899,-0.0074481,0.645962,0.763196
1568115213.711167000,11.9992,-1.38082,0.306309,0.0138372,-0.00765409,0.62678,0.779035
1568115213.911531000,11.9142,-1.35383,0.305305,0.0148117,-0.00585203,0.621214,0.783479
1568115214.312370000,11.722,-1.30236,0.296031,0.0145813,-0.00573957,0.590774,0.806685
1568115214.512718000,11.6456,-1.26618,0.288773,0.0157703,-0.00481566,0.565805,0.824374
1568115214.713169000,11.5827,-1.22152,0.289855,0.016665,-0.00468231,0.541782,0.840341
1568115215.113929000,11.4735,-1.14063,0.29879,0.0177152,-0.00376371,0.49535,0.868505
1568115215.314357000,11.4171,-1.10488,0.298354,0.0175783,-0.00383715,0.473726,0.880488
1568115215.715172000,11.2914,-1.02767,0.301343,0.0172634,-0.00529842,0.431725,0.901824
1568115215.915492000,11.2229,-0.974602,0.304332,0.0190532,-0.00439626,0.418558,0.90798
1568115216.316527000,11.102,-0.885453,0.31946,0.0206126,-0.000563531,0.386079,0.922235
1568115216.516748000,11.0526,-0.827504,0.323331,0.0220673,-0.000911359,0.364529,0.93093
1568115216.717092000,11.0161,-0.776552,0.321018,0.0234531,-0.000842183,0.345134,0.93826
1568115217.117889000,10.9231,-0.684587,0.324052,0.0204166,0.000413594,0.330264,0.943668
1568115217.318323000,10.8889,-0.613815,0.323375,0.0214946,-0.000212748,0.329984,0.943742
1568115217.518722000,10.8552,-0.544959,0.326637,0.0217259,-0.00138044,0.330414,0.943585
1568115217.919557000,10.762,-0.405809,0.322919,0.0219044,-0.00181121,0.326483,0.944947
1568115218.119907000,10.7127,-0.345229,0.337335,0.022515,-0.00339839,0.320975,0.946814
1568115218.320315000,10.6734,-0.272186,0.340189,0.0232859,-0.00351752,0.312946,0.949479
1568115218.721113000,10.5986,-0.165637,0.344113,0.0221586,-0.00287505,0.282819,0.958913
1568115218.921461000,10.5636,-0.107108,0.346669,0.0219981,-0.00289336,0.281376,0.959341
1568115219.322239000,10.4766,0.0188334,0.3547,0.0213576,-0.00236248,0.272495,0.961917
1568115219.522622000,10.441,0.0958835,0.34575,0.0215273,-0.00185579,0.270352,0.962519
1568115219.923387000,10.3756,0.25295,0.35405,0.0216148,-0.00196532,0.27242,0.961934
1568115220.524652000,10.2818,0.471143,0.381522,0.0226876,-0.00227225,0.280754,0.959509
1568115220.925422000,10.2059,0.617025,0.392899,0.0228931,-0.00371802,0.287694,0.957442
1568115221.526582000,10.0544,0.832253,0.400424,0.0218435,-0.00387326,0.302334,0.952944
1568115222.127839000,9.90222,1.04905,0.396077,0.017027,-0.00365993,0.320805,0.946985
1568115222.528617000,9.7875,1.17335,0.38878,0.0147776,-0.00279444,0.337818,0.941091
1568115222.929458000,9.65997,1.29122,0.355857,0.0134277,0.00318134,0.362695,0.931806
1568115223.330065000,9.52563,1.40747,0.361285,0.013568,0.00336317,0.389684,0.920842
1568115223.931370000,9.33681,1.58266,0.388819,0.0111594,0.000768441,0.442373,0.896761
1568115224.131751000,9.27577,1.63601,0.40208,0.0117945,-0.00106049,0.46146,0.887082
1568115224.532624000,9.1615,1.72632,0.417559,0.011108,-0.00197167,0.50865,0.860899
1568115224.733001000,9.15061,1.76286,0.415495,0.00965551,-0.00160474,0.5342,0.845301
1568115225.133723000,9.09686,1.80877,0.430057,0.0100117,-0.000691658,0.568063,0.822924
1568115225.334171000,9.06383,1.82542,0.439034,0.0104376,-0.00116888,0.583306,0.812184
1568115225.734996000,8.98449,1.84936,0.437559,0.0109185,-0.0005054,0.615124,0.788354
1568115225.935331000,8.94061,1.85835,0.434956,0.0105772,-0.00114994,0.635011,0.77243
1568115226.336102000,8.85136,1.86498,0.429967,0.0111257,-0.00102274,0.675477,0.737296
1568115226.536597000,8.80848,1.8633,0.439485,0.0117547,-0.00287292,0.695642,0.718287
1568115226.736968000,8.76759,1.85541,0.437858,0.0115317,-0.00219893,0.71575,0.698258
1568115226.937376000,8.72736,1.84548,0.434411,0.0118965,-0.00357527,0.734536,0.678456
1568115227.338086000,8.6503,1.82743,0.455628,0.0119124,-0.00616212,0.765654,0.643113
1568115227.538517000,8.6124,1.81521,0.455021,0.0113521,-0.00654328,0.778043,0.628075
1568115227.738874000,8.56572,1.80741,0.459533,0.0118943,-0.00822402,0.787796,0.615767
1568115227.939278000,8.5136,1.79536,0.463643,0.011637,-0.00778361,0.797094,0.603693
1568115228.340126000,8.42861,1.7575,0.449772,0.0106831,-0.00913828,0.820004,0.572186
1568115228.540499000,8.38514,1.73454,0.447961,0.01097,-0.00867033,0.830234,0.55724
1568115228.740887000,8.34266,1.71398,0.444729,0.0108,-0.00941267,0.839982,0.542425
1568115228.941244000,8.2851,1.69069,0.433947,0.0106635,-0.00880437,0.848651,0.528773
1568115229.141751000,8.23723,1.66884,0.435693,0.0104003,-0.00924945,0.85774,0.513896
1568115229.342045000,8.18582,1.64393,0.427983,0.00948415,-0.00746712,0.866685,0.498709
1568115229.742901000,8.09925,1.58798,0.43152,0.00873856,-0.00844221,0.882577,0.470011
1568115229.943186000,8.05658,1.55909,0.426381,0.00922677,-0.00647398,0.891235,0.453401
1568115230.143615000,8.0099,1.52272,0.425812,0.0093589,-0.00713378,0.900539,0.434616
1568115230.544420000,7.94491,1.4642,0.428427,0.00867872,-0.0072835,0.91941,0.393137
1568115230.744810000,7.90658,1.43204,0.439826,0.00821746,-0.00750719,0.925704,0.378085
1568115230.945190000,7.87152,1.3989,0.443577,0.00859892,-0.00755343,0.932144,0.361907
1568115231.345974000,7.80258,1.31838,0.442202,0.00812009,-0.00824854,0.945159,0.326405
1568115231.546405000,7.77087,1.27268,0.452958,0.00820151,-0.00874691,0.95103,0.308865
1568115231.746795000,7.73717,1.22619,0.456898,0.00860934,-0.00795156,0.956532,0.291393
1568115232.147613000,7.70048,1.16345,0.456287,0.00872796,-0.00752622,0.961479,0.274636
1568115232.548363000,7.63787,1.06456,0.459272,0.00836868,-0.00779939,0.962715,0.270275
1568115232.949224000,7.57978,0.980185,0.455884,0.00794629,-0.00844882,0.963967,0.265771
1568115233.349990000,7.52561,0.890545,0.464947,0.00745466,-0.00897548,0.966185,0.257585
1568115233.750763000,7.46024,0.776668,0.45661,0.00725342,-0.00935385,0.970067,0.242549
1568115234.151549000,7.40252,0.676588,0.45125,0.00697969,-0.00997753,0.975402,0.220096
1568115234.552351000,7.35587,0.569592,0.450895,0.00652698,-0.010321,0.978716,0.204858
1568115234.953198000,7.32017,0.478333,0.45455,0.00440573,-0.014603,0.980782,0.194511
1568115235.153549000,7.29132,0.418461,0.450299,0.00584177,-0.0145774,0.980902,0.19387
1568115235.554286000,7.23642,0.302284,0.443984,0.00578896,-0.0146593,0.980768,0.194542
1568115235.754691000,7.20975,0.248163,0.442064,0.00468069,-0.0156113,0.980478,0.19595
1568115235.955080000,7.17947,0.192935,0.437101,0.00473957,-0.0164307,0.980059,0.197969
1568115236.355925000,7.10704,0.0796631,0.422271,0.00502425,-0.0161254,0.978491,0.205595
1568115236.556291000,7.06171,0.0282532,0.42268,0.00525935,-0.0164916,0.977332,0.211004
1568115236.756770000,7.02971,-0.0334604,0.426233,0.00465931,-0.0156584,0.97638,0.215443
1568115236.957169000,7.00519,-0.0846027,0.415156,0.00492846,-0.0165104,0.975478,0.219421
1568115237.157542000,6.97252,-0.13582,0.422997,0.0044462,-0.0168781,0.974886,0.222018
1568115237.558255000,6.90445,-0.230229,0.419879,0.00468776,-0.0158452,0.974368,0.224351
1568115237.758697000,6.87632,-0.274771,0.410893,0.00530894,-0.0152719,0.974439,0.224068
1568115237.959199000,6.85571,-0.320601,0.412434,0.0051782,-0.0148991,0.974748,0.222751
1568115238.159563000,6.82801,-0.375382,0.406897,0.00460228,-0.0151104,0.975132,0.221061
1568115238.560335000,6.77033,-0.496241,0.406467,0.00462324,-0.0144594,0.975826,0.218019
1568115238.760756000,6.7376,-0.55528,0.40442,0.00526383,-0.0146304,0.976208,0.216279
1568115239.161503000,6.67944,-0.673209,0.401791,0.0058254,-0.0148501,0.977121,0.212084
1568115239.361904000,6.65128,-0.733789,0.403189,0.00598471,-0.0146884,0.977496,0.210355
1568115239.562274000,6.62831,-0.793901,0.409686,0.00650653,-0.0171447,0.978058,0.207525
1568115239.963194000,6.56617,-0.907877,0.406216,0.00554609,-0.0152739,0.978719,0.204561
1568115240.163589000,6.5326,-0.971536,0.391776,0.00589584,-0.0142259,0.978981,0.203371
1568115240.363899000,6.50005,-1.03761,0.407145,0.00468197,-0.0144839,0.979012,0.203233
1568115240.564323000,6.47621,-1.09947,0.398533,0.00371488,-0.0154625,0.978907,0.203688
1568115240.965113000,6.41412,-1.20838,0.394386,0.00760111,-0.012403,0.977158,0.212016
1568115241.165524000,6.38148,-1.25926,0.395282,0.00671802,-0.0121696,0.975581,0.219198
1568115241.365944000,6.32719,-1.32296,0.381692,0.00500348,-0.0149128,0.968604,0.248109
1568115241.566229000,6.27028,-1.38239,0.37125,0.00463453,-0.0173631,0.954816,0.296652
1568115241.967030000,6.16265,-1.46763,0.358145,0.0100272,-0.012203,0.922431,0.385838
1568115242.367878000,6.01539,-1.50783,0.35455,0.0105345,-0.0100325,0.895811,0.444198
1568115242.568249000,5.9608,-1.5457,0.360034,0.011069,-0.00830236,0.883704,0.467842
1568115242.969083000,5.85206,-1.61011,0.377452,0.0122486,-0.00644575,0.854948,0.51853
1568115243.369859000,5.71076,-1.64683,0.380295,0.0121735,-0.00673769,0.826822,0.562292
1568115243.570212000,5.64962,-1.66511,0.385773,0.0115214,-0.00694637,0.817569,0.575674
1568115243.971074000,5.50188,-1.69531,0.382917,0.0121707,-0.00684822,0.806158,0.591535
1568115244.572246000,5.26888,-1.74745,0.385617,0.0116273,-0.00821258,0.792615,0.609556
1568115245.373785000,4.96066,-1.79695,0.382845,0.0122558,-0.0115238,0.760988,0.648548
1568115245.974986000,4.73824,-1.79758,0.390153,0.0122141,-0.0121129,0.741463,0.670774
1568115246.375783000,4.59633,-1.80806,0.384619,0.011973,-0.00890235,0.737295,0.675406
1568115246.776648000,4.45202,-1.81262,0.381813,0.0132282,-0.00707223,0.733809,0.67919
1568115247.177389000,4.30149,-1.81065,0.395745,0.0147276,-0.00605152,0.731553,0.681599
1568115247.578235000,4.12684,-1.81676,0.393044,0.0139632,-0.00551421,0.730608,0.682632
1568115247.978955000,3.94946,-1.81401,0.38469,0.00734998,-0.0125426,0.730696,0.682548
1568115248.379727000,3.77612,-1.81321,0.382038,0.00730135,-0.0126353,0.731148,0.682063
1568115248.580283000,3.68696,-1.813,0.380557,0.00841864,-0.0119354,0.731531,0.681652
1568115248.980976000,3.53332,-1.83353,0.397849,0.00928625,-0.00923857,0.734102,0.678913
1568115249.181308000,3.45382,-1.83612,0.390431,0.0101833,-0.00985163,0.736108,0.676715
1568115249.381729000,3.36628,-1.84144,0.394031,0.0119856,-0.00533768,0.738118,0.674544
1568115249.782571000,3.21857,-1.84839,0.390516,0.0113773,-0.00911246,0.745134,0.666755
1568115249.982986000,3.15487,-1.86248,0.389427,0.0106293,-0.00970091,0.752374,0.658579
1568115250.183337000,3.05737,-1.85846,0.386919,0.0117007,-0.00618282,0.759833,0.649983
1568115250.584160000,2.87953,-1.87261,0.3785,0.00967395,-0.010269,0.767824,0.640506
1568115250.784552000,2.75903,-1.87702,0.385437,0.0100621,-0.00925958,0.769604,0.638376
1568115250.984945000,2.65943,-1.8981,0.386424,0.00945102,-0.00669911,0.77186,0.635687
1568115251.385777000,2.45653,-1.92502,0.382156,0.0117014,-0.00635654,0.776379,0.630126
1568115251.586157000,2.36247,-1.94081,0.376559,0.0119262,-0.00653142,0.778945,0.626945
1568115251.786490000,2.26616,-1.96377,0.373921,0.0107052,-0.00695874,0.781268,0.624065
1568115251.986955000,2.17341,-1.98009,0.379303,0.0101762,-0.0090667,0.783514,0.621225
1568115252.187264000,2.071,-2.00613,0.379881,0.00958236,-0.00856169,0.785377,0.618884
1568115252.588077000,1.87725,-2.03933,0.369447,0.010618,-0.00979196,0.789422,0.613681
1568115252.788523000,1.78386,-2.06604,0.371653,0.0101824,-0.00813963,0.791274,0.611322
1568115252.988913000,1.68384,-2.0827,0.37359,0.0106107,-0.00834598,0.792515,0.609704
1568115253.189290000,1.58766,-2.10243,0.380055,0.0108977,-0.00753026,0.794048,0.607711
1568115253.389575000,1.48948,-2.11759,0.379175,0.0109567,-0.00972766,0.795885,0.605271
1568115253.590056000,1.3924,-2.1356,0.385203,0.00933408,-0.00860547,0.797168,0.603624
1568115253.790452000,1.30375,-2.1516,0.37622,0.0101756,-0.010047,0.798452,0.601888
1568115254.191256000,1.13787,-2.18783,0.366415,0.0111467,-0.0102865,0.799788,0.600091
1568115254.391619000,1.04886,-2.21576,0.37066,0.0113309,-0.00817003,0.80021,0.599558
1568115254.592061000,0.963262,-2.23686,0.369006,0.0115902,-0.00865075,0.800118,0.599669
1568115254.992845000,0.823304,-2.26002,0.367694,0.0110622,-0.00912815,0.794443,0.60717
1568115255.193207000,0.816209,-2.19641,0.379889,0.0145826,-0.00610865,0.780407,0.625071
1568115255.393624000,0.715934,-2.19695,0.367838,0.0106988,-0.00445477,0.748557,0.662969
1568115255.794347000,0.424394,-2.29943,0.356823,0.0133661,-0.0053968,0.736154,0.67666
1568115255.994794000,0.345736,-2.3018,0.338248,0.0118522,-0.00544475,0.737487,0.675235
1568115256.595980000,0.173218,-2.31795,0.352133,0.0131034,-0.0106204,0.742865,0.669229
1568115256.996819000,-0.139486,-2.31666,0.344373,0.0137893,-0.0111661,0.748921,0.662421
1568115257.397546000,-0.183369,-2.37644,0.3311,0.0100858,-0.00379213,0.755421,0.655152
1568115257.798339000,-0.578891,-2.39712,0.320341,0.013936,-0.00700367,0.750982,0.660139
1568115258.199185000,-0.567822,-2.42529,0.338617,0.0158324,-0.00876371,0.735821,0.676934
1568115258.399508000,-0.689154,-2.42067,0.336117,0.0151706,-0.00687191,0.733939,0.679012
1568115258.800359000,-0.747176,-2.41019,0.313349,0.0119685,-0.00844463,0.732545,0.680561
1568115259.000712000,-0.91495,-2.41178,0.320028,0.0130118,-0.0072539,0.732252,0.680871
1568115259.401514000,-1.08133,-2.41505,0.310809,0.0136203,-0.00628553,0.732498,0.680604
1568115259.802319000,-1.24833,-2.42515,0.303955,0.015035,-0.00558538,0.733775,0.679204
1568115260.002690000,-1.36087,-2.43571,0.304007,0.0148853,-0.00537799,0.734024,0.678939
1568115260.203104000,-1.464,-2.43944,0.291915,0.0158791,-0.0060545,0.733293,0.679701
1568115260.603911000,-1.6639,-2.45204,0.292166,0.0148979,-0.00580402,0.732668,0.680399
1568115260.804308000,-1.73902,-2.45358,0.292535,0.0137777,-0.0051949,0.732204,0.680927
1568115261.004703000,-1.87593,-2.45882,0.287823,0.0138422,-0.00525714,0.731544,0.681633
1568115261.405601000,-2.0589,-2.43668,0.303521,0.0156122,-0.00613903,0.729641,0.683624
1568115261.605990000,-2.16238,-2.42166,0.305003,0.0144834,-0.00550541,0.728892,0.684454
1568115261.806325000,-2.28004,-2.42585,0.311515,0.0154849,-0.00609964,0.727618,0.68578
1568115262.207116000,-2.44209,-2.42076,0.323982,0.0153968,-0.0064701,0.723791,0.689817
1568115262.607947000,-2.65538,-2.37247,0.327281,0.0173433,-0.00575448,0.723852,0.689714
1568115262.808351000,-2.7794,-2.34698,0.329435,0.0158035,-0.00630873,0.723864,0.689733
1568115263.209133000,-3.11557,-2.34759,0.318023,0.0141924,-0.00733789,0.719582,0.694223
1568115263.609860000,-3.23826,-2.36927,0.310806,0.0119201,-0.00678993,0.712482,0.701557
1568115264.010722000,-3.4673,-2.36022,0.309795,0.0120322,-0.00383604,0.707285,0.706816
1568115264.611952000,-3.74228,-2.32946,0.302757,0.0120705,-0.00524371,0.702119,0.711938
1568115265.413508000,-4.13597,-2.21242,0.322986,0.0102644,-0.0125828,0.702791,0.711211
1568115266.215207000,-4.58522,-2.25744,0.325176,0.0131089,-0.00844907,0.694863,0.718973
1568115266.615917000,-4.86564,-2.26187,0.350274,0.0184599,-0.00694667,0.693746,0.71995
1568115267.016673000,-5.0428,-2.24951,0.326417,0.0145963,-0.00544947,0.697028,0.716874
1568115267.617894000,-5.44916,-2.23549,0.328356,0.0141019,-0.00642986,0.699029,0.714925
1568115268.018695000,-5.64846,-2.21872,0.312242,0.0119274,-0.00631679,0.6994,0.714604
1568115268.820221000,-6.1433,-2.14982,0.340856,0.0137461,-0.00507489,0.699834,0.714156
1568115269.621887000,-6.69442,-2.10681,0.355765,0.016079,-0.00511329,0.695211,0.718608
1568115270.222976000,-7.01737,-2.07668,0.347605,0.00813667,-0.00628533,0.686215,0.727326
1568115270.623768000,-7.33266,-2.05114,0.371961,0.0123979,-0.0032423,0.68174,0.731482
1568115271.024611000,-7.59684,-2.01439,0.391495,0.0132838,-0.0030024,0.675704,0.737047
1568115271.425413000,-7.88902,-1.96766,0.414544,0.0172764,-0.00813924,0.678572,0.734286
1568115271.826248000,-8.19866,-1.91607,0.437189,0.0194517,-0.0136666,0.678626,0.734099
1568115272.226998000,-8.55919,-1.88544,0.455386,0.0190642,-0.0181641,0.684507,0.728531
1568115272.828015000,-8.94509,-1.85219,0.494988,0.0263261,-0.0208723,0.702182,0.711205
1568115273.028641000,-9.07963,-1.84456,0.502795,0.0264812,-0.0243569,0.70674,0.706558
1568115273.429399000,-9.35922,-1.82685,0.501748,0.0266431,-0.0263234,0.711628,0.701558
1568115273.629778000,-9.49863,-1.83618,0.502719,0.0269915,-0.0249993,0.711102,0.702126
1568115274.030548000,-9.78167,-1.83655,0.491326,0.0249128,-0.0249951,0.714305,0.698944
1568115274.230982000,-9.91944,-1.83217,0.503632,0.0261439,-0.0271964,0.715189,0.697912
1568115274.631751000,-10.1887,-1.81187,0.493717,0.0249185,-0.0221543,0.715694,0.697617
1568115274.832147000,-10.329,-1.81226,0.503337,0.0269122,-0.0238543,0.717038,0.696106
1568115275.232961000,-10.5932,-1.79047,0.518381,0.0278345,-0.0244429,0.722206,0.690685
1568115275.433436000,-10.725,-1.79285,0.523409,0.028111,-0.0249043,0.72657,0.686066
1568115275.633788000,-10.8608,-1.78782,0.530376,0.0282146,-0.0237325,0.729348,0.683148
1568115276.034509000,-11.1531,-1.79686,0.525195,0.0294568,-0.0264321,0.735349,0.676532
1568115276.234881000,-11.2844,-1.79469,0.522219,0.0262266,-0.0272741,0.739222,0.672398
1568115276.635724000,-11.5607,-1.82238,0.52592,0.0268753,-0.0270918,0.743353,0.66781
1568115277.036546000,-11.8276,-1.84235,0.526387,0.0282124,-0.0260826,0.748856,0.661618
1568115277.236902000,-11.9473,-1.87164,0.509966,0.0237353,-0.0222239,0.75381,0.656287
1568115277.637701000,-12.215,-1.93646,0.505727,0.0198051,-0.0238263,0.77811,0.627364
1568115277.838048000,-12.3556,-1.95542,0.506812,0.0190101,-0.0245231,0.792595,0.608958
1568115278.639644000,-12.8006,-2.07126,0.501957,0.0174628,-0.018523,0.839537,0.542705
1568115279.240829000,-13.0474,-2.14996,0.470915,0.00984211,-0.0136625,0.865459,0.500696
1568115279.841963000,-13.2981,-2.30765,0.469123,0.00525238,-0.0148975,0.888306,0.45898
1568115280.443199000,-13.5148,-2.46654,0.469619,-0.00056678,-0.0180436,0.929549,0.368256
1568115280.843979000,-13.5923,-2.55612,0.474816,6.05145e-05,-0.0169086,0.951548,0.307035
1568115281.244795000,-13.6828,-2.68613,0.477835,-0.00202526,-0.0201882,0.970597,0.239854
1568115281.645563000,-13.7477,-2.80652,0.484674,-0.00347702,-0.0270846,0.989293,0.143367
1568115282.247397000,-13.7832,-3.04872,0.490732,-0.00671818,-0.0175599,0.999599,-0.0211671
1568115282.447137000,-13.7918,-3.12829,0.479228,-0.00885101,-0.0170849,0.996893,-0.0763828
1568115282.847935000,-13.7562,-3.28313,0.472383,-0.012961,-0.0133113,0.983945,-0.177504
1568115283.248703000,-13.7071,-3.42829,0.465173,-0.0155387,-0.0136518,0.959752,-0.280085
1568115283.649527000,-13.6348,-3.57301,0.466483,-0.0170729,-0.0123182,0.924251,-0.381205
1568115284.050290000,-13.5585,-3.67685,0.469132,-0.0202991,-0.00905377,0.87678,-0.480377
1568115284.451088000,-13.4412,-3.74506,0.470744,0.0208032,0.00732489,-0.824031,0.566115
1568115284.851894000,-13.3122,-3.7897,0.494803,0.0188067,0.00264468,-0.765786,0.642815
1568115285.453065000,-13.0746,-3.74635,0.486611,0.0167704,0.00047514,-0.6741,0.73845
1568115285.853931000,-12.887,-3.63886,0.505941,0.0124226,-0.00149002,-0.638564,0.769467
1568115286.655543000,-12.2911,-3.60488,0.497935,0.01359,0.00855947,-0.712228,0.701764
1568115287.457168000,-11.8467,-3.69687,0.512398,0.00743766,0.00327629,-0.69282,0.721065
1568115288.058273000,-11.4842,-3.67003,0.487827,0.0112695,0.00572727,-0.640921,0.767503
1568115288.659490000,-11.0846,-3.56677,0.467095,0.0133396,0.00811343,-0.636211,0.771357
1568115289.461125000,-10.5322,-3.50144,0.464208,0.011455,0.0120746,-0.669766,0.742386
1568115290.062311000,-10.1663,-3.49275,0.458685,0.00652525,0.00783289,-0.673516,0.739102
1568115290.463118000,-9.89751,-3.47937,0.45671,0.00755412,0.00679063,-0.679664,0.733453
1568115290.863905000,-9.64332,-3.47927,0.447747,0.00705774,0.00478874,-0.687992,0.725669
1568115291.264682000,-9.4069,-3.48992,0.452047,0.00773699,0.00402498,-0.687249,0.72637
1568115291.665452000,-9.16561,-3.49258,0.449581,0.00811463,0.00658231,-0.682507,0.730804
1568115292.066224000,-8.91185,-3.48369,0.442712,0.0110324,0.0047977,-0.67188,0.740563
1568115292.467057000,-8.64145,-3.47114,0.445131,0.00756492,0.00425483,-0.663161,0.748426
1568115292.667467000,-8.50486,-3.46261,0.437544,0.00775185,0.00482211,-0.663121,0.748457
1568115293.068141000,-8.24951,-3.46433,0.429795,0.00950758,0.00602533,-0.668706,0.743442
1568115293.268616000,-8.12763,-3.45378,0.419307,0.00802726,0.0075159,-0.675743,0.737055
1568115293.669475000,-7.87388,-3.43242,0.417379,0.00635444,0.00708518,-0.685449,0.728059
1568115294.070216000,-7.63401,-3.43106,0.425715,0.0067495,0.00630395,-0.684846,0.728629
1568115294.471092000,-7.37812,-3.41737,0.407461,0.00659869,0.00829124,-0.680953,0.732251
1568115294.671403000,-7.2338,-3.40526,0.396379,0.00792461,0.00983483,-0.677011,0.735864
1568115295.072181000,-6.97035,-3.39618,0.405317,0.00528147,0.00737732,-0.668187,0.743938
1568115295.472971000,-6.69555,-3.37137,0.389343,0.0106488,0.00541331,-0.668183,0.743901
1568115295.873850000,-6.4416,-3.34516,0.369226,0.0115399,0.00702402,-0.67579,0.73697
1568115296.474976000,-5.83718,-3.31309,0.392797,0.00516695,0.0102741,-0.692922,0.720921
1568115297.276644000,-5.29087,-3.28243,0.350475,0.00942117,0.0101683,-0.693898,0.71994
1568115297.877887000,-4.90477,-3.29328,0.334157,0.00550934,0.010745,-0.689792,0.723907
1568115298.679349000,-4.36024,-3.30062,0.317452,0.00938706,0.00954402,-0.677782,0.735141
1568115299.280597000,-3.93005,-3.28859,0.301501,0.01021,0.00966604,-0.678978,0.734024
1568115299.881769000,-3.52412,-3.27146,0.314909,0.00934015,0.0111916,-0.686019,0.727437
1568115300.282538000,-3.20611,-3.26657,0.301574,0.00915257,0.00926946,-0.687445,0.726119
1568115300.683269000,-2.97061,-3.26092,0.305975,0.0103183,0.00999005,-0.687781,0.725776
1568115301.084115000,-2.84249,-3.26618,0.317457,0.0108668,0.0118584,-0.687074,0.72641
1568115301.685267000,-2.29222,-3.25807,0.323318,0.0124811,0.0149315,-0.682056,0.731041
1568115302.086090000,-2.01001,-3.2466,0.3303,0.0107094,0.0144673,-0.678665,0.734227
1568115302.486871000,-1.72793,-3.24389,0.336385,0.00912007,0.0119837,-0.674133,0.738456
1568115302.887609000,-1.47677,-3.21494,0.332318,0.0117995,0.0116004,-0.671344,0.740962
1568115303.087991000,-1.37009,-3.20775,0.333303,0.0128743,0.00997694,-0.669914,0.74226
1568115303.488840000,-1.11044,-3.19373,0.324523,0.0128616,0.0087021,-0.668504,0.743547
1568115303.689201000,-0.966212,-3.18786,0.326678,0.0137377,0.00975406,-0.667948,0.744017
1568115304.090015000,-0.689267,-3.1778,0.336475,0.0106006,0.00917571,-0.668321,0.743741
1568115304.490791000,-0.649271,-3.15921,0.342541,0.0105903,0.0106086,-0.670579,0.741687
1568115304.891598000,-0.295961,-3.15368,0.349913,0.0123205,0.00984881,-0.672809,0.739648
1568115305.292412000,-0.0691703,-3.15213,0.353604,0.0115139,0.00859965,-0.676486,0.736316
1568115305.893556000,0.420767,-3.15394,0.376957,0.00925511,0.00963216,-0.680623,0.732512
1568115306.294417000,0.721419,-3.15096,0.377604,0.00926009,0.00771045,-0.683384,0.72996
1568115306.494813000,0.850244,-3.14315,0.373751,0.00999098,0.00833736,-0.68372,0.729629
1568115306.895520000,1.12093,-3.14115,0.379645,0.0115664,0.00749836,-0.684248,0.729119
1568115307.096837000,1.26918,-3.14325,0.381719,0.0104821,0.00864429,-0.683251,0.730057
1568115307.496742000,1.54803,-3.14854,0.393867,0.00973108,0.00623989,-0.680591,0.732572
1568115307.897514000,1.80876,-3.1324,0.40143,0.00903871,0.00811099,-0.675807,0.736978
1568115308.097893000,1.95263,-3.13603,0.4014,0.00741739,0.00717143,-0.673992,0.738667
1568115308.498672000,2.2429,-3.12082,0.399863,0.00809302,0.00706391,-0.67034,0.741976
1568115308.699083000,2.41429,-3.11449,0.404198,0.00760775,0.00646969,-0.669204,0.743012
1568115308.899503000,2.57099,-3.10738,0.406496,0.0071258,0.00667216,-0.668665,0.7435
1568115309.099926000,2.72402,-3.09505,0.397512,0.00746492,0.00612008,-0.668481,0.743667
1568115309.500759000,3.00572,-3.0681,0.409537,0.00702121,0.0064838,-0.669163,0.743054
1568115309.701094000,3.13934,-3.06352,0.403155,0.00699044,0.00681258,-0.669251,0.742972
1568115310.101903000,3.40841,-3.04971,0.386734,0.00784343,0.0057447,-0.670223,0.742096
1568115310.302366000,3.55269,-3.04259,0.395061,0.00944834,0.00301557,-0.670905,0.741477
1568115310.502674000,3.67228,-3.04057,0.407467,0.00879167,0.00192115,-0.672385,0.740147
1568115310.703114000,3.81634,-3.03022,0.408563,0.0100565,0.00169187,-0.673783,0.738859
1568115310.903465000,3.94397,-3.02782,0.39849,0.00828661,0.00347626,-0.675766,0.737062
1568115311.103849000,4.07928,-3.01586,0.399621,0.00854382,0.00349895,-0.677492,0.735472
1568115311.504623000,4.34057,-3.01878,0.395718,0.00528968,0.00910372,-0.680816,0.732379
1568115311.705087000,4.46639,-3.02366,0.407952,0.00191748,0.0100941,-0.682909,0.730431
1568115311.905484000,4.5771,-3.01889,0.395489,0.00465623,0.00907533,-0.683637,0.729751
1568115312.105865000,4.69072,-3.0117,0.384657,0.00715267,0.00990232,-0.68284,0.730466
1568115312.506673000,4.90238,-3.00868,0.386973,0.00975637,0.00624666,-0.67871,0.734315
1568115312.707092000,5.02681,-3.00626,0.380406,0.0111769,0.00595553,-0.676547,0.736291
1568115312.907466000,5.15153,-3.00521,0.3856,0.0104291,0.00529497,-0.674926,0.737793
1568115313.308291000,5.42437,-2.99322,0.380066,0.0109649,0.00614691,-0.671645,0.740766
1568115313.508713000,5.55526,-2.98326,0.375419,0.0105912,0.00694643,-0.670881,0.741457
1568115313.909544000,5.81991,-2.97809,0.391965,0.00799671,0.00627315,-0.669309,0.742914
1568115314.109897000,5.93329,-2.9749,0.392122,0.0083231,0.00588394,-0.669503,0.74274
1568115314.510691000,6.16658,-2.96254,0.38601,0.0104114,0.00610189,-0.669853,0.742395
1568115314.911446000,6.40597,-2.94926,0.390818,0.011327,0.00482313,-0.670955,0.741396
1568115315.312304000,6.64289,-2.93884,0.38111,0.011928,0.00467908,-0.672415,0.740063
1568115315.713081000,6.89281,-2.92751,0.369468,0.0109692,0.00738967,-0.675185,0.73753
1568115316.113889000,7.12684,-2.92142,0.37799,0.0053728,0.00992216,-0.678741,0.734291
1568115316.514633000,7.36365,-2.93047,0.375771,0.00380922,0.0105795,-0.680293,0.732854
1568115316.915421000,7.60949,-2.92366,0.385005,0.00457447,0.00966333,-0.68182,0.731442
1568115317.316293000,7.85529,-2.91686,0.383535,0.00494281,0.00980558,-0.6818,0.731457
1568115317.516631000,7.97414,-2.91719,0.387741,0.00377806,0.00938285,-0.681248,0.731983
1568115317.917478000,8.20445,-2.90946,0.385924,0.00717715,0.00812083,-0.680384,0.732776
1568115318.318229000,8.43778,-2.90294,0.386044,0.00882172,0.00584675,-0.676664,0.736216
1568115318.719008000,8.67291,-2.89736,0.37944,0.00970382,0.00474852,-0.673343,0.739251
1568115319.119839000,8.91303,-2.88863,0.379293,0.00816174,0.00524007,-0.672598,0.739945
1568115319.520654000,9.16364,-2.89601,0.393887,0.0027261,0.00554066,-0.674176,0.738545
1568115320.121807000,9.55207,-2.88328,0.379057,0.00172404,0.00773471,-0.680845,0.732385
1568115320.723003000,9.87522,-2.87712,0.365529,0.00216322,0.00862977,-0.683719,0.729692
1568115321.524608000,10.2922,-2.85814,0.362093,0.00200819,0.00813967,-0.678867,0.734213
1568115322.125766000,10.6252,-2.84314,0.358622,0.00392235,0.00670922,-0.664827,0.746957
1568115322.726953000,10.9514,-2.81606,0.342266,0.00902535,0.00404361,-0.643016,0.765789
1568115323.528570000,11.4352,-2.75152,0.330226,0.00880888,0.00631079,-0.647788,0.761744
1568115324.129744000,11.7423,-2.72509,0.329908,0.00575828,0.00998259,-0.648774,0.760894
1568115324.530541000,11.9561,-2.69578,0.325898,0.00565662,0.00828672,-0.653051,0.757247
1568115324.931313000,12.1602,-2.68965,0.318328,0.00978711,0.00832164,-0.667031,0.74492
1568115325.532555000,12.4834,-2.68953,0.302804,0.00813372,0.00602378,-0.688668,0.725006
1568115325.933261000,12.7203,-2.67721,0.319156,0.00788312,0.00725996,-0.694512,0.719401
1568115326.334082000,12.9724,-2.68048,0.305284,0.00983231,0.00804932,-0.69787,0.716112
1568115326.534499000,13.0947,-2.68569,0.314126,0.00923329,0.0075718,-0.69929,0.714739
1568115326.935315000,13.3308,-2.70376,0.311059,0.00804859,0.00603379,-0.701403,0.712694
1568115327.135606000,13.451,-2.71124,0.315298,0.00596875,0.00516051,-0.702082,0.712052
1568115327.536429000,13.6642,-2.71064,0.307688,0.00835286,0.00722252,-0.702647,0.711453
1568115327.937258000,13.8982,-2.7225,0.305096,0.00697609,0.00420319,-0.703208,0.710937
1568115328.338033000,14.1672,-2.71221,0.306855,0.00785547,0.00562935,-0.705734,0.708411
1568115328.738787000,14.4543,-2.71508,0.31459,0.00305841,0.00779553,-0.715104,0.698968
1568115329.139583000,14.7105,-2.73482,0.319409,0.0056349,0.00923634,-0.72775,0.685757
1568115329.740835000,15.0804,-2.82148,0.329215,0.00504706,0.00844599,-0.746137,0.66572
1568115330.141548000,15.2897,-2.87033,0.315582,0.00650085,0.0103155,-0.74724,0.664443
1568115330.742793000,15.6752,-2.93881,0.302203,0.00598427,0.00974979,-0.750434,0.660846
1568115331.343959000,16.0724,-3.005,0.304925,0.00839988,0.00688024,-0.760487,0.649263
1568115332.145566000,16.5664,-3.15525,0.299931,0.0019499,0.0104357,-0.791395,0.611213
1568115332.746760000,16.9176,-3.25959,0.293789,0.00470978,0.00986821,-0.791287,0.611347
1568115333.347921000,17.2754,-3.33281,0.301904,0.00842127,0.00814868,-0.773627,0.633533
1568115334.149497000,17.7569,-3.44117,0.330096,0.00505282,0.00313746,-0.732581,0.680654
1568115334.550246000,18.0172,-3.49155,0.338377,0.00205719,0.00841173,-0.73104,0.682279
1568115334.951069000,18.317,-3.50961,0.344106,-0.00135737,0.00441785,-0.72924,0.684242
1568115335.552282000,18.7299,-3.53034,0.31426,0.00812906,0.00150187,-0.719075,0.694884
1568115336.153419000,19.1287,-3.56889,0.323587,0.00535641,0.000332705,-0.715404,0.698691
1568115336.353858000,19.2579,-3.59089,0.327636,0.00290773,0.000888173,-0.714975,0.699143
1568115336.754611000,19.5431,-3.63387,0.300533,-0.00138929,0.00417816,-0.714664,0.699455
1568115337.155436000,19.855,-3.64143,0.30607,-0.00128855,0.00339891,-0.713137,0.701015
1568115337.556295000,20.1072,-3.66332,0.302777,0.0027745,5.83011e-05,-0.708608,0.705597
1568115337.957111000,20.3582,-3.6785,0.310339,0.0016714,-0.00090776,-0.700625,0.713527
1568115338.357882000,20.6174,-3.6987,0.333003,-0.00280852,0.000536261,-0.693739,0.720221
1568115338.758618000,20.8739,-3.69945,0.318532,-0.00180053,4.74039e-05,-0.687456,0.726224
1568115339.159448000,21.1272,-3.70146,0.338044,-5.44033e-05,-0.00272061,-0.679661,0.733521
1568115339.760715000,21.5374,-3.68662,0.339489,0.00384006,-0.00434984,-0.673572,0.739099
1568115340.161542000,21.801,-3.66738,0.336969,0.00398228,-0.00400351,-0.676941,0.736015
1568115340.562208000,22.1034,-3.66466,0.324225,0.000544526,-0.00233027,-0.687803,0.725893
1568115340.963047000,22.3714,-3.64302,0.329497,0.00546925,-0.000240032,-0.691889,0.721984
1568115341.363790000,22.6188,-3.6246,0.314716,0.0115033,0.000627929,-0.690408,0.723329
1568115341.564237000,22.7608,-3.60707,0.301186,0.0142109,0.00240775,-0.68932,0.724314
1568115341.965070000,23.0296,-3.61601,0.31063,0.0141717,0.00264533,-0.684482,0.728888
1568115342.365879000,23.3171,-3.61394,0.302829,0.0136477,0.00433404,-0.680939,0.7322
1568115342.967006000,23.743,-3.59737,0.312581,0.0161073,0.00216716,-0.675164,0.737489
1568115343.367764000,24.0235,-3.57797,0.31485,0.0175385,0.00250049,-0.674597,0.737974
1568115343.768649000,24.3058,-3.56991,0.312499,0.0178293,0.0035123,-0.672677,0.739713
1568115344.169368000,24.5921,-3.53741,0.301059,0.0129786,0.0121936,-0.669611,0.742499
1568115344.570168000,24.8803,-3.5229,0.308462,0.00910431,0.0161388,-0.666837,0.744973
1568115344.971009000,25.1526,-3.52006,0.30153,0.0137935,0.00722161,-0.662627,0.748787
1568115345.371729000,25.4497,-3.49315,0.304967,0.012856,0.0070427,-0.660479,0.750702
1568115345.772514000,25.7529,-3.48145,0.31568,0.0127145,0.00523245,-0.659739,0.751369
1568115346.173354000,26.0392,-3.45924,0.307934,0.0113494,0.00651611,-0.65888,0.752134
1568115346.373739000,26.1803,-3.44522,0.305081,0.0123736,0.00670089,-0.659538,0.751539
1568115346.774554000,26.4658,-3.43453,0.313818,0.0109339,0.00288654,-0.658557,0.752446
1568115347.175335000,26.7559,-3.40914,0.315932,0.0103687,0.00355023,-0.657896,0.753029
1568115347.375776000,26.9158,-3.41945,0.320667,0.00319956,0.00668025,-0.657866,0.753098
1568115347.776516000,27.2137,-3.405,0.316189,0.00305682,0.00765002,-0.658493,0.752541
1568115348.177356000,27.4878,-3.38963,0.303718,0.00544829,0.00646154,-0.655318,0.755306
1568115348.578125000,27.7589,-3.35677,0.310697,0.00757046,0.00758136,-0.650204,0.759684
1568115348.978929000,28.0465,-3.32951,0.332167,0.00895748,0.00681427,-0.634491,0.772848
1568115349.379639000,28.3218,-3.3056,0.350299,0.00939888,0.00414598,-0.606764,0.794815
1568115349.980925000,28.7161,-3.20669,0.342595,0.00844186,0.0044362,-0.560512,0.828091
1568115350.582097000,29.0857,-3.07562,0.346446,0.0121116,0.000866003,-0.515035,0.857083
1568115351.584054000,29.6064,-2.81095,0.383909,0.00363643,0.000509844,-0.322204,0.946663
1568115352.385624000,29.764,-2.51781,0.387318,0.00633576,-0.000976428,-0.0816099,0.996644
1568115352.986818000,29.7674,-2.24146,0.440997,0.00398702,-0.00557617,0.0211441,0.999753
1568115353.788343000,29.6561,-1.75405,0.356467,0.007139,-0.00289728,0.220446,0.975369
1568115354.389598000,29.5755,-1.46848,0.3885,0.00280831,-0.00128642,0.326834,0.945077
1568115354.790390000,29.409,-1.30794,0.383046,0.00310413,-0.00228025,0.383693,0.923453
1568115355.191230000,29.2713,-1.12192,0.361745,0.00554764,-0.00479185,0.432474,0.901616
1568115355.591904000,29.1217,-0.991631,0.354266,0.00126361,-0.00925021,0.491166,0.871016
1568115356.193116000,28.8261,-0.837809,0.355669,-0.00293332,-0.00780835,0.614783,0.788653
1568115356.794305000,28.4666,-0.763638,0.329621,0.000690838,-0.00454218,0.725514,0.688193
1568115357.395519000,28.1059,-0.75109,0.304398,0.0011975,0.000191421,0.791279,0.611454
1568115357.996704000,27.7578,-0.869234,0.333414,-0.00356948,-0.00129358,0.840748,0.541413
1568115358.597875000,27.3754,-1.02972,0.316072,-0.00260525,-0.00280543,0.852958,0.521965
1568115358.998693000,27.1292,-1.14458,0.314412,-0.00174887,-0.00275253,0.853101,0.521736
1568115359.599840000,26.7534,-1.30046,0.305581,-0.00728991,-0.00138032,0.835522,0.549408
1568115360.201029000,26.3897,-1.37542,0.300997,-0.00998787,0.000330898,0.813084,0.58206
1568115360.601845000,26.1397,-1.42401,0.28706,-0.000897939,0.00769224,0.798093,0.602484
1568115361.203035000,25.7734,-1.50177,0.304313,0.00527672,0.0108645,0.782059,0.623087
1568115361.804228000,25.3772,-1.5736,0.317184,0.0094175,0.00890434,0.78189,0.623282
1568115362.205036000,25.1077,-1.63363,0.346577,0.00467702,0.00446586,0.77817,0.628021
1568115362.806301000,24.6738,-1.68228,0.334036,0.00128311,-0.000190476,0.774168,0.632979
1568115363.207119000,24.3819,-1.71601,0.343311,-0.00617325,-0.00898314,0.7716,0.636015
1568115363.607910000,24.1164,-1.75196,0.340235,-0.0065696,-0.00921455,0.768772,0.639422
1568115364.008710000,23.8597,-1.80236,0.326385,-0.00798251,-0.0100107,0.765173,0.643697
1568115364.609858000,23.5014,-1.83257,0.320041,-0.003022,-0.00565837,0.756673,0.653762
1568115365.211039000,23.1046,-1.83176,0.308911,-0.00211124,-0.00666947,0.727326,0.686256
1568115365.812144000,22.7654,-1.81234,0.298116,-0.000916229,-0.00971723,0.726787,0.686794
1568115366.213010000,22.5286,-1.83174,0.272684,-0.000124658,-0.00910583,0.73214,0.681093
1568115366.613823000,22.3044,-1.82535,0.276927,-0.000499377,-0.00754728,0.736957,0.675898
1568115367.014612000,22.0583,-1.844,0.253284,-0.00111447,-0.00646712,0.732382,0.680863
1568115367.415388000,21.7527,-1.86283,0.258486,-0.00178359,-0.006603,0.716317,0.697742
1568115367.816192000,21.4711,-1.87639,0.249323,-5.44438e-05,-0.00526966,0.709834,0.704349
1568115368.217000000,21.2336,-1.84063,0.25326,0.00202106,-0.00322982,0.709126,0.705072
1568115368.818214000,20.9017,-1.80793,0.234175,0.00742339,-0.0025206,0.721931,0.69192
1568115369.218991000,20.6174,-1.76736,0.243868,0.00761127,-0.00230575,0.721495,0.692374
1568115370.020600000,20.0943,-1.82001,0.233715,0.00440644,-0.00181118,0.718543,0.695466
1568115370.621776000,19.7287,-1.78858,0.238919,0.00711421,-0.00224161,0.701111,0.713013
1568115371.423314000,19.2397,-1.74789,0.24669,0.00566953,-0.00654684,0.70986,0.70429
1568115372.224932000,18.8053,-1.74764,0.262296,0.00623104,-0.0090924,0.737593,0.675155
1568115373.026515000,18.2925,-1.8248,0.276063,0.00728519,-0.00687516,0.737168,0.675636
1568115373.828211000,17.8342,-1.83886,0.296464,0.00825035,-0.00766369,0.708075,0.706047
1568115374.228898000,17.6555,-1.82954,0.300098,0.00701287,-0.00751418,0.707943,0.706195
1568115374.830072000,17.3444,-1.81151,0.293715,0.00927292,-0.00699873,0.711615,0.702474
1568115375.230939000,17.1363,-1.80245,0.29233,0.00987066,-0.0060225,0.717611,0.696348
1568115375.631786000,16.9326,-1.79057,0.288231,0.0101294,-0.00716854,0.730834,0.682443
1568115376.232903000,16.4973,-1.82087,0.275324,0.0101851,-0.00610477,0.735598,0.677314
1568115376.633706000,16.253,-1.81079,0.272873,0.00868524,-0.00786231,0.72169,0.692117
1568115376.834107000,16.1749,-1.80747,0.28838,0.00903898,-0.00851293,0.721574,0.692226
1568115377.234898000,15.9657,-1.80568,0.281468,0.00832145,-0.0074266,0.722101,0.691698
1568115377.635629000,15.7664,-1.80165,0.269146,0.00713106,-0.00706253,0.725829,0.687802
1568115377.836021000,15.6744,-1.80495,0.275223,0.0076293,-0.0065263,0.728211,0.68528
1568115378.437216000,15.463,-1.79268,0.282589,0.00811414,-0.00541281,0.748861,0.662656
1568115378.838008000,15.3061,-1.81381,0.295379,0.0078051,-0.00324317,0.765581,0.643284
1568115379.238795000,15.1452,-1.82939,0.304666,0.00718682,-0.00420443,0.764737,0.644289
1568115379.839956000,15.1173,-1.82518,0.305328,0.00998442,-0.0050602,0.766234,0.642465
1568115380.240723000,15.0124,-1.84091,0.300127,0.00808462,-0.00561344,0.768114,0.640238
1568115380.641503000,14.9588,-1.84933,0.29736,0.00845938,-0.00651398,0.771945,0.6356
1568115380.841894000,14.9163,-1.8507,0.292494,0.00754975,-0.00507151,0.772832,0.634545
1568115381.242748000,14.8921,-1.85838,0.295264,0.00763959,-0.00714065,0.782316,0.622794
1568115381.643575000,14.8248,-1.87548,0.299046,0.00659222,-0.00807246,0.780924,0.62454
1568115382.044296000,14.7968,-1.88638,0.300017,0.00588363,-0.00588191,0.780527,0.625067
1568115382.445134000,14.7843,-1.87833,0.303546,0.0076395,-0.00696643,0.780242,0.625392
1568115382.845889000,14.7974,-1.8833,0.297205,0.0066802,-0.00681847,0.78047,0.62512
1568115383.447098000,14.8309,-1.86291,0.306579,0.00876374,-0.00838591,0.775745,0.63093
1568115383.847870000,14.8642,-1.87233,0.298089,0.00806755,-0.00656706,0.775343,0.631454
1568115384.248659000,14.8843,-1.86932,0.295592,0.0082129,-0.00653772,0.776914,0.62952
1568115384.649430000,14.912,-1.86959,0.294461,0.007559,-0.00587674,0.778732,0.627284
1568115385.050256000,14.962,-1.85865,0.303993,0.00740201,-0.00565188,0.779485,0.626352
1568115385.451036000,14.9739,-1.85532,0.298852,0.00842407,-0.00500104,0.778594,0.627452
1568115385.651420000,14.9794,-1.85748,0.291197,0.00753868,-0.00517516,0.778555,0.62751
1568115385.851828000,14.9792,-1.85929,0.295398,0.00791155,-0.00406969,0.778434,0.627664
1568115386.252599000,14.9828,-1.84946,0.291983,0.00782394,-0.00537494,0.77445,0.632564
1568115386.452996000,14.9915,-1.82608,0.296136,0.00780411,-0.00480136,0.76578,0.643038
1568115386.853801000,14.9474,-1.84288,0.296213,0.00833701,-0.00609536,0.732164,0.68105
1568115387.254572000,14.9281,-1.84716,0.290368,0.00854006,-0.00610428,0.729312,0.684101
1568115387.655413000,14.9316,-1.84989,0.288186,0.00842284,-0.00631583,0.730905,0.682399
1568115387.855854000,14.9265,-1.84697,0.302879,0.00904298,-0.00594526,0.731674,0.681569
1568115388.256654000,14.9239,-1.85016,0.292719,0.00853658,-0.00609494,0.731933,0.681295
1568115388.457089000,14.9296,-1.84808,0.287876,0.00872853,-0.00607878,0.731702,0.681542
1568115388.657413000,14.9406,-1.85178,0.294031,0.00886953,-0.00661906,0.7319,0.681322
1568115389.058258000,14.9296,-1.84896,0.291719,0.00910378,-0.00667323,0.732004,0.681207
1568115389.258597000,14.9361,-1.85164,0.290069,0.00811907,-0.00560855,0.732362,0.680844
1568115389.459026000,14.9412,-1.8449,0.300609,0.00880217,-0.00653752,0.732182,0.681021
1568115389.659457000,14.9366,-1.85016,0.291181,0.00823958,-0.00532456,0.732251,0.680964
1568115389.859776000,14.9344,-1.84919,0.295725,0.00844424,-0.00549471,0.732232,0.680981
1568115390.260593000,14.9331,-1.84514,0.286503,0.00880888,-0.00615359,0.731935,0.68129
1568115390.461037000,14.93,-1.84796,0.29402,0.00848173,-0.00608316,0.732513,0.680673
1568115390.861839000,14.9284,-1.84662,0.289181,0.00843665,-0.00651389,0.731808,0.681427
1568115391.262578000,14.9307,-1.84724,0.292838,0.0081414,-0.00645318,0.731964,0.681264
1568115391.463027000,14.9184,-1.84668,0.291443,0.00855173,-0.00623215,0.731778,0.681461
1568115391.863800000,14.9221,-1.84923,0.293859,0.00809738,-0.00551392,0.7318,0.681449
1568115392.064207000,14.9284,-1.85234,0.296807,0.00777482,-0.00546387,0.73225,0.680969
1568115392.464960000,14.9221,-1.84874,0.297284,0.00869967,-0.00623857,0.732048,0.681169
