plane_id,count,aa_angle,aa_x,aa_y,aa_z,quat_x,quat_y,quat_z,quat_w,translation_x,translation_y,translation_z,score
0,0,0.013459,-0.374575,0.927196,-0.00138797,-0.00252069,0.00623953,-9.34029e-06,0.999977,-5.39947,10.0234,-0.0476336,0.0313264
55,0,0.0148843,0.0228762,0.755243,-0.655046,0.000170246,0.00562056,-0.00487489,0.999972,-0.0333525,-0.104685,1.18536,0.0242534
35,0,0.00825016,-0.0115477,-0.359631,0.933023,-4.76349e-05,-0.0014835,0.00384879,0.999991,0.0381647,-0.711392,-0.123879,0.0357322
57,0,0.018653,0.00817158,0.174184,-0.984679,7.62112e-05,0.0016245,-0.00918348,0.999957,-0.0204843,0.24111,1.33975,0.023273
59,0,0.0123011,0.0256967,0.971871,0.234107,0.000158048,0.0059775,0.00143988,0.999981,0.0750575,-0.0718174,1.69784,0.0893282
56,0,0.0884965,0.155393,-0.00423864,0.987844,0.00687364,-0.000187491,0.0436961,0.999021,-0.037723,-0.0396768,1.28101,0.0457773
67,0,0.0133685,0.0253116,0.965608,0.258766,0.000169188,0.00645433,0.00172964,0.999978,0.00663739,0.111107,0.743107,0.0146251
63,0,0.0111113,0.0271752,0.961389,-0.273848,0.000150975,0.00534111,-0.00152139,0.999985,-0.0227138,0.00460648,1.69468,0.0154362
61,0,0.349067,-0.0181501,0.0441372,0.998861,-0.00315175,0.00766437,0.173451,0.984808,-0.772295,-0.282077,1.5953,0.670674
60,0,0.00341098,-0.954728,0.0260423,-0.296337,-0.00162828,4.44148e-05,-0.0005054,0.999999,0.00919361,-0.0208483,1.72589,0.0219423
35,0,0.0105563,-0.0227026,-0.926282,0.376147,-0.000119827,-0.00488901,0.00198535,0.999986,0.0325776,-0.772906,-0.115737,0.031689
61,0,0.349415,-0.017257,0.0414569,0.998991,-0.00299962,0.00720604,0.173645,0.984777,-0.774452,-0.340595,1.58223,0.664065
63,0,0.0127718,0.027272,0.999627,-0.001435,0.000174155,0.00638348,-9.16371e-06,0.99998,-0.0228762,0.036521,1.55815,0.0172001
67,0,0.0135694,0.0249766,0.957522,0.287276,0.000169458,0.00649646,0.00194907,0.999977,-0.00108236,0.0758938,0.74387,0.0167791
56,0,0.0200057,0.361188,-0.00985213,0.932441,0.00361284,-9.85477e-05,0.00932691,0.99995,-0.0308145,-0.0385384,1.15494,0.048963
60,0,0.00415008,-0.990027,0.0270051,-0.138268,-0.00205435,5.60367e-05,-0.000286911,0.999998,0.0304987,-0.0169701,1.77317,0.0212313
59,0,0.0117152,0.0251787,0.959011,0.282249,0.000147485,0.00561745,0.00165329,0.999983,0.0808287,-0.0494452,1.70751,0.0901631
57,0,0.0162657,0.00702369,0.131255,-0.991324,5.71218e-05,0.00106746,-0.00806218,0.999967,-0.011619,0.209947,1.27676,0.0220822
55,0,0.015396,0.0224416,0.736653,-0.675899,0.000172754,0.0056707,-0.00520302,0.99997,-0.0332548,-0.117857,1.29833,0.0229257
69,0,0.0173339,0.019768,0.922096,0.386455,0.000171326,0.00799169,0.00334936,0.999962,0.0212085,-0.689719,0.417993,0.0342191
0,0,0.0123193,-0.398722,0.917071,-0.00147083,-0.00245596,0.00564878,-9.05968e-06,0.999981,-5.47205,9.9577,-0.0393383,0.0235493
35,0,0.134391,0.0229868,0.999345,0.0279427,0.00154345,0.0671012,0.00187622,0.997743,0.200777,6.26459,2.02437,0.0254012
61,0,0.34882,-0.0155703,0.0363951,0.999216,-0.00270186,0.00631553,0.173391,0.984829,-0.773078,-0.246293,1.60811,0.663567
63,0,0.0100692,0.027336,0.972939,-0.229441,0.000137625,0.00489832,-0.00115514,0.999987,-0.0176612,0.0175836,1.51163,0.0132182
67,0,0.0111978,0.0234061,0.916452,0.39946,0.000131048,0.00513111,0.00223653,0.999984,-0.00312108,0.113842,0.729513,0.011362
56,0,0.0173659,0.551619,-0.0150466,0.833961,0.00478962,-0.000130647,0.00724116,0.999962,-0.0521569,-0.0438697,1.14484,0.0492776
60,0,0.00724199,-0.733274,0.0200016,-0.679639,-0.00265517,7.24255e-05,-0.00246096,0.999993,0.018326,-0.0248772,1.72341,0.0237648
59,0,0.00883324,0.022384,0.880833,0.472898,9.88612e-05,0.00389029,0.00208861,0.99999,0.0886493,-0.0452895,1.69844,0.0927752
57,0,0.0156928,0.000268826,-0.116619,-0.993177,2.10929e-06,-0.000915031,-0.00779279,0.999969,-0.0137434,0.206708,1.32783,0.0231852
55,0,0.0130436,0.0207889,0.667333,-0.744469,0.000135581,0.0043522,-0.00485526,0.999979,-0.0342545,-0.105299,1.1911,0.0231625
69,0,0.0145481,0.018574,0.882586,0.469784,0.000135108,0.00641993,0.00341721,0.999974,0.0147418,-0.750116,0.418348,0.0393315
0,0,0.0123182,-0.36634,0.93048,-0.0013597,-0.00225631,0.00573088,-8.37446e-06,0.999981,-5.41551,10.0423,-0.0186615,0.00959243
35,0,0.13798,0.0229902,0.999368,0.0271156,0.00158483,0.0688916,0.00186922,0.997621,0.186571,5.74673,1.97329,0.0219583
61,0,0.349091,-0.0201045,0.0500027,0.998547,-0.00349136,0.00868348,0.173408,0.984806,-0.775546,-0.267376,1.64177,0.656092
63,0,0.014445,0.02732,0.971679,-0.23472,0.000197317,0.00701789,-0.00169525,0.999974,-0.029426,0.016502,1.71097,0.0214984
67,0,0.016318,0.0234491,0.917631,0.396741,0.000191319,0.00748687,0.00323698,0.999967,0.0019291,0.153813,0.733183,0.0171121
56,0,0.0467608,0.257682,-0.0070288,0.966204,0.00602417,-0.000164321,0.0225882,0.999727,-0.0557684,-0.0333397,1.15457,0.0474116
60,0,0.00325884,-0.998325,0.0272315,0.0510408,-0.00162669,4.43715e-05,8.31669e-05,0.999999,0.0305682,-0.0170711,1.72563,0.0194537
59,0,0.0136315,0.0251923,0.95936,0.281059,0.000171703,0.0065387,0.00191561,0.999977,0.0779632,-0.0453497,1.70391,0.0851263
57,0,0.0177301,0.0103259,0.255442,-0.966769,9.15381e-05,0.00226448,-0.00857034,0.999961,-0.0147811,0.313833,1.28215,0.0269719
55,0,0.0157889,0.0242848,0.816918,-0.576243,0.000191714,0.00644906,-0.00454908,0.999969,-0.0381266,-0.10939,1.22914,0.0275218
69,0,0.0193937,0.0202519,0.937362,0.347766,0.000196376,0.00908931,0.00337218,0.999953,0.0127431,-0.767285,0.467207,0.0329353
0,0,0.0379496,0.0573415,0.998355,0.000104462,0.00108798,0.0189424,1.98203e-06,0.99982,-3.31064,7.94678,0.0244258,0.0301231
0,0,0.00992338,-0.554906,0.831911,-0.00200487,-0.00275326,0.00412767,-9.94749e-06,0.999988,-5.36794,10.0295,-0.0391913,0.0222345
55,0,0.0136574,0.0187873,0.585555,-0.810415,0.000128292,0.00399854,-0.00553402,0.999977,-0.0399305,-0.122269,1.1745,0.0290671
35,0,0.0114057,-0.0233488,-0.985884,0.165795,-0.000133153,-0.00562229,0.000945493,0.999984,0.0339843,-0.797482,-0.117817,0.0364467
57,0,0.0169485,0.00372585,0.00925544,-0.99995,3.15734e-05,7.84318e-05,-0.00847371,0.999964,-0.0239526,0.225301,1.33084,0.026949
59,0,0.00917249,0.0253516,0.963394,0.26689,0.000116268,0.00441834,0.00122402,0.999989,0.0804758,-0.0620042,1.68324,0.0897413
67,0,0.0126131,0.0233401,0.914642,0.403591,0.000147194,0.00576818,0.00254524,0.99998,0.000880538,0.116985,0.715271,0.0111003
63,0,0.0113315,0.0268997,0.944452,-0.327547,0.000152406,0.00535099,-0.00185579,0.999984,-0.0144101,0.0354153,1.68922,0.0128417
61,0,0.347985,-0.016108,0.0380087,0.999148,-0.00278855,0.00657991,0.172968,0.984901,-0.771203,-0.2914,1.55212,0.671236
60,0,0.00920852,-0.472857,0.0128982,-0.881045,-0.00217715,5.93863e-05,-0.00405654,0.999989,0.0287671,-0.0194516,1.77865,0.0219995
35,0,0.00845348,-0.0190642,-0.721207,0.692457,-8.05791e-05,-0.00304835,0.00292683,0.999991,0.0328656,-0.840008,-0.103433,0.0332683
61,0,0.348458,-0.0170012,0.0406893,0.999027,-0.00294714,0.00705344,0.17318,0.98486,-0.770575,-0.282012,1.57533,0.664019
63,0,0.0102275,0.0274171,0.980085,-0.196678,0.000140203,0.00501188,-0.00100576,0.999987,-0.0150234,0.0244437,1.69721,0.0135833
65,0,0.333057,0.0589212,-0.00160725,-0.998261,0.00976679,-0.000266418,-0.165472,0.986166,0.0140142,0.136084,0.844902,0.113063
67,0,0.010508,0.025343,0.966349,0.255984,0.000133151,0.00507718,0.00134494,0.999986,-0.00973731,0.0535726,0.933224,0.0112055
56,0,0.0397856,0.135832,-0.00370508,0.990725,0.00270191,-7.36994e-05,0.019707,0.999802,-0.0312119,-0.0383598,1.01424,0.0459993
60,0,0.00827188,-0.3732,0.0101798,-0.927695,-0.00154353,4.21029e-05,-0.00383688,0.999991,0.0226645,-0.0162065,1.79495,0.017612
59,0,0.00946628,0.0249254,0.952452,0.303667,0.000117975,0.00450807,0.00143729,0.999989,0.0842154,-0.0698881,1.69445,0.0897631
57,0,0.0180117,0.00416582,0.0254207,-0.999668,3.75161e-05,0.000228932,-0.00900272,0.999959,-0.0208498,0.227941,1.30612,0.0264286
55,0,0.0148108,0.0208604,0.670291,-0.741805,0.000154478,0.00496373,-0.00549331,0.999973,-0.0348281,-0.113385,1.17288,0.0259104
0,0,0.0132971,-0.288905,0.957357,-0.00109347,-0.00192078,0.00636497,-7.26991e-06,0.999978,-5.38437,10.0321,-0.0329144,0.017242
0,0,0.0113903,-0.536765,0.84373,-0.00194302,-0.00305694,0.00480515,-1.10658e-05,0.999984,-5.35047,10.0309,-0.0357953,0.0201154
55,0,0.0156464,0.0207536,0.665872,-0.745778,0.000162358,0.00520919,-0.00583431,0.999969,-0.0292353,-0.0755234,1.18594,0.0198372
35,0,0.106205,0.0228894,0.998476,0.0502162,0.00121492,0.0529968,0.00266536,0.99859,0.162973,5.8031,2.14118,0.0211319
57,0,0.018708,0.00624741,0.102363,-0.994728,5.84373e-05,0.000957484,-0.00930453,0.999956,-0.0104181,0.23758,1.28103,0.0215304
59,0,0.0107765,0.0252986,0.962059,0.271665,0.000136315,0.0051838,0.00146379,0.999985,0.0863042,-0.0630485,1.69818,0.0954882
56,0,0.100141,0.112467,-0.00306773,0.993651,0.0056289,-0.000153538,0.0497316,0.998747,-0.0577477,0.00949867,0.905733,0.0353658
67,0,0.0126478,0.0235217,0.919611,0.392126,0.000148747,0.00581548,0.00247974,0.99998,-0.000988783,0.0892648,0.820892,0.0104827
63,0,0.00943014,0.0274868,0.991061,-0.130548,0.000129602,0.0046729,-0.000615539,0.999989,-0.00931156,0.0284433,1.69084,0.00930606
61,0,0.348137,-0.0163607,0.0387672,0.999114,-0.00283353,0.00671413,0.173037,0.984888,-0.761214,-0.28943,1.59064,0.624704
60,0,0.00563828,-0.698143,0.0190434,0.715705,-0.00196816,5.36859e-05,0.00201767,0.999996,0.039058,-0.0100094,1.71898,0.0104461
0,0,0.00979889,-0.633465,0.773768,-0.00227204,-0.00310361,0.00379102,-1.11317e-05,0.999988,-5.37464,10.0237,-0.0309226,0.0169101
55,0,0.0130439,0.02063,0.660762,-0.750312,0.000134547,0.00430942,-0.00489346,0.999979,-0.0301289,-0.0917066,1.17967,0.0217577
35,0,0.0629846,0.0199411,0.92158,0.387676,0.000627888,0.0290179,0.0122068,0.999504,0.154824,5.27139,1.85749,0.0260402
57,0,0.0169172,0.00359181,0.00433683,-0.999984,3.03813e-05,3.66831e-05,-0.00845838,0.999964,-0.0143501,0.21524,1.31567,0.021979
59,0,0.00862195,0.0245627,0.942815,0.332411,0.000105889,0.00406444,0.00143301,0.999991,0.0850199,-0.0581315,1.68048,0.0944042
67,0,0.0108351,0.0234871,0.918668,0.394332,0.000127242,0.0049769,0.0021363,0.999985,0.00847369,0.172695,0.751122,0.00951167
63,0,0.00846496,0.0273426,0.973465,-0.227195,0.000115726,0.00412016,-0.000961595,0.999991,-0.0136765,0.00488269,1.52664,0.0100718
61,0,0.348688,-0.0152861,0.0355425,0.999251,-0.00265156,0.00616527,0.173332,0.984841,-0.762695,-0.280814,1.59392,0.661746
60,0,0.00469777,-0.949981,0.0259128,0.31123,-0.00223139,6.08662e-05,0.000731043,0.999997,0.0321063,-0.0117099,1.70502,0.0121367
35,0,0.0561154,-0.0231733,-0.999411,0.0253173,-0.000650105,-0.0280375,0.000710253,0.999606,0.178182,6.05762,1.57351,0.0340693
61,0,0.348852,-0.0148176,0.0341365,0.999307,-0.00257149,0.00592415,0.173423,0.984826,-0.766329,-0.286259,1.57104,0.660309
63,0,0.00880865,0.0265034,0.922637,-0.384759,0.000116729,0.00406358,-0.0016946,0.99999,-0.0149065,0.00547814,1.53363,0.0101371
67,0,0.0105253,0.0232784,0.912942,0.407424,0.000122505,0.00480448,0.00214412,0.999986,0.000949083,0.0940628,0.890724,0.00996529
56,0,0.0226075,0.526795,-0.0143694,0.849871,0.00595463,-0.000162425,0.00960652,0.999936,-0.0388036,-0.03479,1.14087,0.0355468
60,0,0.00356493,-0.998961,0.0272488,0.0365241,-0.00178061,4.857e-05,6.51028e-05,0.999998,0.029432,-0.0061975,1.7062,0.00989763
59,0,0.00955221,0.0240675,0.929271,0.368615,0.000114948,0.00443828,0.00176054,0.999989,0.0938991,-0.0432109,1.68945,0.0975659
57,0,0.0167283,0.000661873,-0.102409,-0.994742,5.53594e-06,-0.000856553,-0.00832006,0.999965,-0.00595939,0.261335,1.3095,0.0179622
55,0,0.0108885,0.0217507,0.707434,-0.706445,0.000118416,0.00385143,-0.00384605,0.999985,-0.0232021,-0.105145,1.2301,0.0178862
69,0,0.0150977,0.0175454,0.84699,0.53132,0.000132446,0.00639372,0.00401081,0.999972,0.0202766,-0.701388,0.434363,0.0426668
0,0,0.013329,-0.305657,0.952141,-0.00115112,-0.00203704,0.00634549,-7.67159e-06,0.999978,-5.43507,9.99806,-0.0233942,0.0110245
35,0,0.134548,0.0227774,0.997067,0.0730701,0.00153118,0.0670263,0.00491202,0.997738,0.18642,5.83763,2.00061,0.0269156
61,0,0.34923,-0.0171243,0.0410587,0.99901,-0.00297499,0.00713309,0.173557,0.984793,-0.772777,-0.31584,1.5647,0.675104
63,0,0.0126166,0.0274538,0.996629,-0.0773088,0.000173186,0.00628702,-0.000487685,0.99998,-0.0245159,0.0584078,1.69744,0.018102
67,0,0.0127256,0.0257573,0.975815,0.217074,0.000163888,0.00620888,0.00138119,0.99998,-0.0067305,0.102507,0.720758,0.0155317
56,0,0.0130564,0.897264,-0.0244748,0.440816,0.00585749,-0.000159776,0.00287772,0.999979,-0.0546665,-0.0264203,1.15535,0.0307792
60,0,0.00403187,-0.973121,0.026544,0.228759,-0.00196175,5.35109e-05,0.000461163,0.999998,0.0103027,-0.000713038,1.72197,0.00515606
59,0,0.0112082,0.0244449,0.939631,0.341315,0.000136991,0.00526576,0.00191275,0.999984,0.0807393,-0.0535309,1.68167,0.0886335
57,0,0.0173723,0.00677002,0.121801,-0.992531,5.88045e-05,0.00105797,-0.00862114,0.999962,-0.0177088,0.250827,1.32656,0.0257515
55,0,0.0145473,0.0207869,0.667251,-0.744543,0.000151196,0.00485331,-0.0054155,0.999974,-0.0326683,-0.132491,1.22228,0.0247957
69,0,0.0159293,0.0191792,0.902898,0.429427,0.000152754,0.0071912,0.00342021,0.999968,0.0173306,-0.604064,0.376326,0.0376517
0,0,0.00981826,-0.646437,0.762964,-0.00231604,-0.00317343,0.00374547,-1.13697e-05,0.999988,-5.31365,10.1807,-0.034716,0.0182225
35,0,0.0436894,-0.0230396,-0.951125,0.307945,-0.000503253,-0.0207754,0.00672644,0.999761,0.181116,5.71253,1.26778,0.0265883
61,0,0.348981,-0.0176232,0.042556,0.998939,-0.00305951,0.00738799,0.173422,0.984815,-0.772726,-0.281085,1.57049,0.672393
63,0,0.0106979,0.0273079,0.970752,-0.238527,0.000146068,0.0051925,-0.00127587,0.999986,-0.0156498,0.00461483,1.69646,0.0142755
67,0,0.0127534,0.0249299,0.95637,0.291091,0.00015897,0.00609845,0.00185619,0.99998,-0.000634731,0.165451,0.813701,0.0132848
56,0,0.0135165,0.857271,-0.0233839,0.514334,0.00579359,-0.000158033,0.00347597,0.999977,-0.027229,-0.0343112,1.14727,0.0377355
60,0,0.00494428,-0.751272,0.0204925,-0.659675,-0.00185724,5.06603e-05,-0.00163081,0.999997,0.0162152,-0.00973724,1.72256,0.0108691
59,0,0.0121663,0.025202,0.959605,0.280219,0.000153306,0.00583737,0.0017046,0.999981,0.078805,-0.0414788,1.72428,0.0905567
57,0,0.015019,0.00635256,0.10627,-0.994317,4.77039e-05,0.000798021,-0.00746673,0.999972,-0.0191526,0.245807,1.34155,0.0221181
55,0,0.0130039,0.0247291,0.83697,-0.546689,0.000160787,0.00544192,-0.00355453,0.999979,-0.0311888,-0.115679,1.20578,0.0227098
69,0,0.017235,0.0190073,0.897181,0.441253,0.000163793,0.00773136,0.00380245,0.999963,0.0226708,-0.704926,0.381187,0.0438768
0,0,0.0117849,-0.40251,0.915415,-0.00148381,-0.00237175,0.00539399,-8.74322e-06,0.999983,-5.45272,9.9759,-0.0461069,0.0302353
0,0,0.0118624,-0.396664,0.917963,-0.00146376,-0.00235268,0.00544459,-8.68184e-06,0.999982,-5.35695,10.0328,-0.0456995,0.0309446
55,0,0.0138315,0.0240206,0.80515,-0.592584,0.000166119,0.00556816,-0.00409812,0.999976,-0.028422,-0.0773297,1.21359,0.0245685
35,0,0.0122083,0.0225432,0.993162,0.114544,0.000137606,0.00606235,0.000699186,0.999981,0.185654,6.20447,1.54959,0.0288729
57,0,0.0154417,0.00462153,0.0422002,-0.999098,3.56819e-05,0.000325819,-0.00771382,0.99997,-0.01993,0.224109,1.31623,0.0242784
59,0,0.0118432,0.02526,0.961082,0.275107,0.000149579,0.00569113,0.00162907,0.999982,0.080313,-0.0539094,1.69094,0.0894246
56,0,0.0444062,0.300907,-0.00820786,0.953618,0.00668053,-0.000182225,0.0211715,0.999754,-0.0395863,-0.0142833,1.13918,0.033746
67,0,0.0127109,0.0251074,0.960715,0.276399,0.000159568,0.00610574,0.00175663,0.99998,-0.00421959,0.120783,0.782105,0.0139487
63,0,0.0112274,0.0274675,0.995669,-0.0888161,0.000154194,0.00558938,-0.000498586,0.999984,-0.0209841,0.0459341,1.68928,0.0159016
61,0,0.348975,-0.0169683,0.0405904,0.999032,-0.00294575,0.00704663,0.173435,0.984816,-0.769564,-0.283579,1.58186,0.648469
60,0,0.00505892,-0.794695,0.021677,-0.606622,-0.00201015,5.4831e-05,-0.00153442,0.999997,0.0232243,-0.00704156,1.7275,0.00917248
35,0,0.107603,0.022908,0.998672,0.0461541,0.0012319,0.0537044,0.00248197,0.998553,0.180792,5.95042,2.0048,0.025271
61,0,0.34857,-0.0172243,0.0413588,0.998996,-0.00298677,0.00717179,0.17323,0.984851,-0.761665,-0.241127,1.57687,0.651071
63,0,0.0116258,0.0273093,0.970856,-0.238102,0.000158745,0.00564346,-0.00138405,0.999983,-0.0152155,0.0329355,1.40395,0.0125602
65,0,0.027793,-0.209807,0.0057229,-0.977726,-0.00291549,7.95256e-05,-0.0135865,0.999903,-0.116052,0.0666068,0.651821,0.0637165
67,0,0.0126085,0.0238271,0.927868,0.372148,0.000150211,0.00584948,0.0023461,0.99998,0.00527555,0.0652766,0.747652,0.0104602
56,0,0.0204452,0.571234,-0.0155816,0.820639,0.00583941,-0.000159282,0.00838894,0.999948,-0.0360135,-0.0231284,1.15167,0.0326613
60,0,0.0059794,-0.710891,0.0193911,-0.703035,-0.00212535,5.79734e-05,-0.00210186,0.999996,0.0354098,-0.00683944,1.7316,0.00942513
59,0,0.010362,0.0256037,0.969625,0.243251,0.000132652,0.00502362,0.00126028,0.999987,0.0839621,-0.0549657,1.70097,0.0927613
57,0,0.0197475,0.0149169,0.432034,-0.901734,0.000147283,0.00426573,-0.00890335,0.999951,-0.0201559,0.36464,1.37688,0.0234776
55,0,0.0144935,0.0217958,0.709331,-0.704538,0.000157948,0.00514031,-0.00510557,0.999974,-0.030039,-0.0831745,1.23651,0.0227991
0,0,0.0143588,-0.318781,0.947828,-0.00119627,-0.00228864,0.00680479,-8.58842e-06,0.999974,-5.4508,9.95936,-0.0322817,0.0179261
0,0,0.00984733,-0.587778,0.809019,-0.0021168,-0.00289401,0.00398332,-1.04224e-05,0.999988,-5.44192,9.98542,-0.0364451,0.0202019
55,0,0.0130751,0.0225126,0.739678,-0.672584,0.000147176,0.00483564,-0.00439701,0.999979,-0.0293788,-0.102683,1.23858,0.0213813
35,0,0.0122929,-0.0223563,-0.903492,0.428022,-0.000137412,-0.00555325,0.00263081,0.999981,0.0300275,-0.720249,-0.104198,0.0330124
57,0,0.0178776,0.00242478,-0.0383552,-0.999261,2.16743e-05,-0.000342845,-0.00893207,0.99996,-0.014217,0.266698,1.33821,0.0222956
59,0,0.00963613,0.0254513,0.965883,0.257725,0.000122626,0.00465367,0.00124173,0.999988,0.0865209,-0.0540866,1.65638,0.0938251
60,0,0.00552992,-0.820327,0.0223762,-0.571457,-0.00226817,6.18691e-05,-0.00158005,0.999996,0.0266364,-0.00387036,1.70764,0.00763942
69,0,0.0160736,0.0183252,0.87409,0.485418,0.000147274,0.00702479,0.00390116,0.999968,0.023799,-0.601802,0.405499,0.0399914
67,0,0.0105349,0.0259611,0.980218,0.196213,0.000136748,0.00516321,0.00103353,0.999986,-0.00389332,0.0654406,0.700503,0.0115545
63,0,0.00877961,0.0273301,0.972471,-0.231416,0.000119973,0.00426894,-0.00101587,0.99999,-0.0137174,0.0108762,1.37951,0.0122248
61,0,0.348752,-0.0161447,0.0381188,0.999143,-0.00280099,0.00661336,0.173345,0.984835,-0.767409,-0.276276,1.56771,0.675345
0,0,0.0130198,-0.371745,0.928334,-0.00137826,-0.00242,0.0060433,-8.97223e-06,0.999979,-5.4456,10.0046,-0.0456195,0.028788
55,0,0.0122812,0.0248587,0.842888,-0.537515,0.000152646,0.00517579,-0.00330064,0.999981,-0.0254132,-0.0853627,1.18116,0.0195247
35,0,0.00988983,-0.0103423,-0.304528,0.952447,-5.11416e-05,-0.00150586,0.00470975,0.999988,0.0365768,-0.665189,-0.00847179,0.0352776
57,0,0.0165289,0.00743172,0.146486,-0.989185,6.14185e-05,0.00121061,-0.00817499,0.999966,-0.0153574,0.243148,1.32392,0.020088
59,0,0.0121397,0.025524,0.967678,0.250892,0.000154926,0.00587364,0.00152287,0.999982,0.0894568,-0.0404873,1.69349,0.093969
60,0,0.00556051,-0.975127,0.0265987,-0.220045,-0.0027111,7.3951e-05,-0.000611782,0.999996,0.0390349,-0.00715159,1.71259,0.00806448
69,0,0.0170216,0.0186474,0.885075,0.465075,0.000158702,0.00753258,0.00395811,0.999964,0.0306342,-0.601771,0.439696,0.0433569
67,0,0.0131769,0.0252987,0.965303,0.259905,0.000166678,0.00635979,0.00171235,0.999978,0.00515181,0.138556,0.754301,0.0127157
63,0,0.0118388,0.0274821,0.98903,-0.145138,0.000162676,0.00585442,-0.000859124,0.999982,-0.0154568,0.034325,1.65931,0.0130766
61,0,0.34901,-0.0175803,0.0424271,0.998945,-0.0030523,0.00736622,0.173438,0.984813,-0.760843,-0.277824,1.58297,0.649028
0,0,0.0100244,-0.528834,0.848723,-0.00191597,-0.00265061,0.00425396,-9.60318e-06,0.999987,-5.4058,9.95559,-0.0264239,0.0132327
55,0,0.0119165,0.0212838,0.68789,-0.725503,0.000126813,0.00409858,-0.00432269,0.999982,-0.0283262,-0.110185,1.184,0.0203572
35,0,0.0210626,-0.0225398,-0.915341,0.402049,-0.00023737,-0.00963956,0.00423403,0.999945,0.192293,5.82137,1.28448,0.0300294
57,0,0.0181726,0.00294107,-0.0194968,-0.999806,2.67231e-05,-0.000177151,-0.00908442,0.999959,-0.0120267,0.347233,1.31893,0.0194698
56,0,0.0206113,0.652559,-0.0177999,0.757529,0.00672491,-0.000183436,0.00780667,0.999947,-0.0338872,-0.0239014,1.39529,0.0276104
67,0,0.0110926,0.0233578,0.915127,0.402489,0.000129549,0.00507556,0.00223232,0.999985,0.00703627,0.202932,0.703333,0.0103257
63,0,0.00830519,0.0272554,0.96689,-0.253735,0.00011318,0.00401509,-0.00105365,0.999991,-0.00952566,0.0102931,1.64836,0.00995097
61,0,0.348598,-0.0145227,0.0332515,0.999341,-0.00251849,0.00576641,0.173303,0.984848,-0.759978,-0.314916,1.55985,0.629262
59,0,0.0099839,0.0233881,0.910108,0.413711,0.000116752,0.00454319,0.00206522,0.999988,0.0831128,-0.0569949,1.70471,0.0968551
35,0,0.0234185,-0.0103405,-0.304445,0.952474,-0.000121077,-0.00356475,0.0111525,0.999931,0.150894,5.03988,1.84534,0.0220517
61,0,0.349022,-0.0164661,0.0390835,0.9991,-0.00285896,0.00678595,0.173471,0.984812,-0.774416,-0.288447,1.57651,0.681046
63,0,0.0111935,0.0274788,0.98822,-0.150551,0.000153791,0.00553079,-0.00084259,0.999984,-0.0235283,0.0538895,1.69426,0.0196353
67,0,0.0121781,0.0242248,0.938407,0.344682,0.000147505,0.00571397,0.00209877,0.999981,-0.00823683,0.115097,0.842275,0.0193148
56,0,0.0255179,0.465451,-0.0126961,0.884983,0.00593851,-0.000161985,0.0112912,0.999919,-0.0583871,-0.0309867,1.14773,0.0367613
60,0,0.00488422,-0.977464,0.0266624,-0.209412,-0.00238707,6.51125e-05,-0.000511406,0.999997,0.0275945,-0.0100076,1.72047,0.0117992
59,0,0.0115806,0.0237866,0.921422,0.387835,0.000137731,0.00533528,0.00224567,0.999983,0.0816865,-0.043922,1.69947,0.0879814
57,0,0.0146403,0.00603519,0.0944829,-0.995508,4.41782e-05,0.000691625,-0.00728723,0.999973,-0.0111587,0.347875,1.27307,0.0263163
55,0,0.0155965,0.0204085,0.651632,-0.75826,0.00015915,0.00508155,-0.00591305,0.99997,-0.0344916,-0.0889488,1.25996,0.0253681
69,0,0.016908,0.0175784,0.848149,0.529466,0.000148605,0.00717015,0.00447604,0.999964,0.0111674,-0.649543,0.384136,0.030618
0,0,0.0106241,-0.531936,0.846782,-0.00192655,-0.00282565,0.00449811,-1.02338e-05,0.999986,-5.3977,10.005,-0.0356446,0.0191658
0,0,0.0112756,-0.431495,0.902114,-0.00158316,-0.00243267,0.00508592,-8.92552e-06,0.999984,-5.3919,10.0703,-0.0210673,0.0110351
55,0,0.0133249,0.018214,0.562474,-0.826615,0.000121349,0.00374742,-0.00550723,0.999978,-0.0335921,-0.10749,1.22941,0.0232391
35,0,0.0161224,-0.0229484,-0.943982,0.329199,-0.000184989,-0.00760954,0.00265371,0.999968,0.0334664,-0.682833,-0.0811406,0.0311031
57,0,0.0164625,0.00243761,-0.037887,-0.999279,2.00643e-05,-0.000311854,-0.00822522,0.999966,-0.0188192,0.249471,1.33535,0.0229949
59,0,0.00944803,0.0233527,0.909094,0.415935,0.000110318,0.00429456,0.00196488,0.999989,0.0820835,-0.0481295,1.68734,0.0925573
56,0,0.0214096,0.682973,-0.0186295,0.730206,0.00731096,-0.000199422,0.00781658,0.999943,-0.0367537,-0.0318867,1.26746,0.0336959
67,0,0.0106729,0.0237525,0.925862,0.377114,0.000126753,0.0049408,0.00201244,0.999986,0.000674425,0.140376,0.711066,0.012664
63,0,0.00997039,0.0268169,0.939716,-0.340904,0.000133687,0.00468465,-0.00169947,0.999988,-0.0164608,-0.000243906,1.49217,0.0127559
61,0,0.348628,-0.0146439,0.0336152,0.999328,-0.00253972,0.00582997,0.173316,0.984846,-0.770145,-0.257306,1.55414,0.649608
60,0,0.00464995,-0.910231,0.0248285,-0.413357,-0.00211626,5.77255e-05,-0.000961043,0.999997,0.0260968,-0.00881391,1.72536,0.0125157
0,0,0.0103745,-0.562004,0.827132,-0.00202905,-0.00291523,0.00429051,-1.05251e-05,0.999987,-5.37799,9.9959,-0.0351326,0.0178557
55,0,0.0156245,0.0204284,0.652451,-0.757555,0.00015959,0.00509706,-0.00591815,0.999969,-0.0285204,-0.0800875,1.19672,0.0207053
35,0,0.0428613,-0.0126782,-0.661595,-0.749754,-0.00027168,-0.0141773,-0.0160665,0.99977,0.212289,7.27785,1.41199,0.0250502
57,0,0.0170831,0.00556433,0.0770293,-0.997013,4.75274e-05,0.000657941,-0.00851592,0.999964,-0.0155947,0.23879,1.31885,0.0209962
59,0,0.0103554,0.0251283,0.957718,0.28661,0.000130106,0.00495875,0.00148397,0.999987,0.0822294,-0.0403045,1.69343,0.0935804
60,0,0.00710163,-0.6312,0.0172173,-0.775429,-0.00224127,6.11353e-05,-0.0027534,0.999994,0.0310457,-0.00840424,1.78073,0.00881305
69,0,0.015759,0.0190525,0.89869,0.43817,0.000150123,0.00708116,0.00345253,0.999969,0.0244756,-0.68607,0.446045,0.038186
67,0,0.0119315,0.0245518,0.946865,0.320693,0.000146469,0.00564871,0.00191316,0.999982,0.000868021,0.219587,0.709411,0.0127842
63,0,0.010555,0.0267,0.933211,-0.358336,0.000140908,0.00492498,-0.0018911,0.999986,-0.0172416,-0.00612784,1.38799,0.0120205
61,0,0.349112,-0.0164537,0.0390463,0.999102,-0.00285753,0.0067812,0.173515,0.984804,-0.766556,-0.265643,1.56393,0.657451
35,0,0.00849928,-0.0223024,-0.900083,0.435147,-9.47767e-05,-0.00382502,0.00184921,0.999991,0.033835,-0.771599,-0.0755753,0.0275931
61,0,0.34926,-0.0161321,0.0380812,0.999144,-0.00280286,0.00661637,0.173595,0.984791,-0.768768,-0.29058,1.58597,0.650898
63,0,0.011197,0.0268756,0.943058,-0.331539,0.000150462,0.00527968,-0.00185611,0.999984,-0.0226047,-0.0102055,1.54788,0.019758
67,0,0.0110319,0.0247554,0.952023,0.305024,0.000136548,0.00525126,0.00168248,0.999985,-0.0104831,0.0851674,0.758639,0.0173963
56,0,0.0382386,0.144408,-0.00393898,0.98951,0.0027608,-7.5306e-05,0.0189176,0.999817,-0.0342553,-0.036658,1.15063,0.0400581
60,0,0.00438753,-0.825688,0.0225225,0.563677,-0.00181136,4.94089e-05,0.00123657,0.999998,0.0301554,-0.0101564,1.71808,0.0116939
59,0,0.0103486,0.0241951,0.932801,0.35958,0.000125193,0.00482659,0.00186057,0.999987,0.0825172,-0.0414282,1.72164,0.0892953
57,0,0.0193296,0.0175339,0.535262,-0.844504,0.000169458,0.00517311,-0.00816182,0.999953,-0.0299878,0.17239,1.38674,0.0277088
55,0,0.0139833,0.0202171,0.64376,-0.76496,0.00014135,0.00450091,-0.00534829,0.999976,-0.0343868,-0.0685449,1.2416,0.0258298
69,0,0.0151119,0.0176362,0.850181,0.526195,0.000133257,0.00642385,0.00397586,0.999971,0.0148262,-0.717837,0.360398,0.0342893
0,0,0.0100601,-0.595158,0.803606,-0.0021419,-0.00299367,0.00404218,-1.07739e-05,0.999987,-5.34461,10.2074,-0.0222891,0.010553
0,0,0.0108668,-0.509206,0.860643,-0.00184897,-0.0027667,0.00467617,-1.00461e-05,0.999985,-5.30441,10.2333,-0.037772,0.0197166
55,0,0.0141851,0.0227228,0.74866,-0.662564,0.000161162,0.00530988,-0.00469925,0.999975,-0.0243606,-0.0894328,1.22506,0.0199971
35,0,0.100017,0.0226129,0.994431,0.102933,0.00113036,0.0497092,0.00514537,0.99875,0.192632,5.82543,2.00164,0.0195968
57,0,0.0163884,0.0148565,0.429676,-0.902861,0.000121736,0.00352082,-0.00739815,0.999966,-0.019545,0.210031,1.34658,0.020412
59,0,0.0107922,0.0247845,0.948742,0.315079,0.00013374,0.0051195,0.0017002,0.999985,0.0880738,-0.0269863,1.69114,0.0947435
56,0,0.0180124,0.969007,-0.0264318,-0.245617,0.00872695,-0.000238047,-0.00221205,0.999959,-0.0166863,-0.0300566,0.770953,0.0373078
67,0,0.0125171,0.0242534,0.939154,0.342638,0.00015179,0.00587769,0.0021444,0.99998,-0.0016256,0.0711421,0.526143,0.0113138
63,0,0.0117974,0.0274227,0.997933,-0.0581232,0.000161757,0.00588647,-0.000342849,0.999983,-0.0140112,0.0112063,1.65274,0.0121569
61,0,0.349187,-0.0171644,0.041179,0.999004,-0.00298159,0.00715311,0.173535,0.984797,-0.763509,-0.264519,1.57279,0.656794
60,0,0.00408559,-0.97966,0.0267223,-0.198876,-0.00200125,5.45883e-05,-0.000406263,0.999998,0.0269579,-0.00777494,1.72087,0.0101074
0,0,0.0119251,-0.436043,0.899924,-0.00159874,-0.0025999,0.00536579,-9.53249e-06,0.999982,-5.44527,9.97668,-0.0329122,0.0183918
55,0,0.0142993,0.0211516,0.682385,-0.730686,0.000151225,0.00487877,-0.0052241,0.999974,-0.0311396,-0.0922492,1.20597,0.0215275
35,0,0.00761037,-0.0184711,-0.690994,0.722625,-7.02856e-05,-0.00262935,0.00274971,0.999993,0.0346461,-0.702599,-0.113507,0.0320809
57,0,0.0148062,0.00636376,0.106686,-0.994272,4.71111e-05,0.0007898,-0.00736063,0.999973,-0.0238545,0.330323,1.37621,0.0217625
59,0,0.0108468,0.0247794,0.948605,0.31549,0.000134388,0.00514464,0.00171102,0.999985,0.0851273,-0.0539358,1.72723,0.0919704
56,0,0.0385304,0.327135,-0.00892328,0.944935,0.00630194,-0.000171898,0.0182032,0.999814,-0.0255996,-0.0270345,0.900126,0.0363113
67,0,0.0120497,0.0244462,0.944154,0.328595,0.000147284,0.00568835,0.00197973,0.999982,-0.0117732,0.0960111,0.728607,0.0146945
63,0,0.0121518,0.0270649,0.954331,-0.297524,0.000164443,0.00579839,-0.00180772,0.999982,-0.0161747,0.0155745,1.55078,0.0153368
61,0,0.349304,-0.0174175,0.0419387,0.998968,-0.00302657,0.00728749,0.173586,0.984787,-0.76297,-0.281868,1.6115,0.657791
60,0,0.00788712,-0.439903,0.0119994,0.897965,-0.00173478,4.732e-05,0.00354117,0.999992,0.0258622,-0.00644891,1.73246,0.0105863
0,0,0.0125531,-0.37779,0.92589,-0.00139901,-0.0023712,0.00581135,-8.78086e-06,0.99998,-5.44437,10.0084,-0.0347889,0.019167
55,0,0.0146101,0.020776,0.666798,-0.744949,0.000151768,0.00487095,-0.00544184,0.999973,-0.0334343,-0.0826762,1.18487,0.0237816
35,0,0.00725651,-0.0192959,-0.733143,0.679801,-7.00104e-05,-0.00266002,0.00246649,0.999993,0.0228391,-0.778848,-0.108384,0.0255096
57,0,0.0178062,0.00591778,0.090127,-0.995913,5.26859e-05,0.0008024,-0.00886661,0.99996,-0.0101846,0.222972,1.28353,0.02431
59,0,0.0108393,0.0255452,0.968198,0.248878,0.000138445,0.00524726,0.00134882,0.999985,0.0782249,-0.0477445,1.697,0.0876023
67,0,0.0131272,0.0237604,0.926075,0.37659,0.000155952,0.00607835,0.00247177,0.999978,-0.00658673,0.108058,0.7847,0.0182299
63,0,0.0116497,0.0274455,0.983176,-0.180584,0.000159866,0.00572684,-0.00105187,0.999983,-0.0281881,0.0190557,1.55637,0.0207772
61,0,0.34947,-0.0174778,0.0421194,0.99896,-0.00303846,0.00732234,0.173666,0.984773,-0.779336,-0.321589,1.5898,0.660868
60,0,0.0103003,-0.394859,0.0107706,-0.918679,-0.00203358,5.54701e-05,-0.00473133,0.999987,0.0221816,-0.0173156,1.72833,0.0152875
35,0,0.00780681,-0.0160887,-0.573341,0.819159,-6.28004e-05,-0.00223797,0.0031975,0.999992,0.0364562,-0.767225,-0.00046736,0.0355365
63,0,0.0101941,0.0268895,0.943861,-0.329247,0.000137057,0.00481088,-0.00167818,0.999987,-0.00619591,0.0277401,1.68893,0.0107123
65,0,0.0253448,-0.247624,0.00675444,-0.968833,-0.00313791,8.55926e-05,-0.0122771,0.99992,-0.112129,0.0705984,0.649047,0.0608931
67,0,0.0122464,0.0243483,0.941624,0.335785,0.000149088,0.00576571,0.00205606,0.999981,-0.00185615,0.146143,0.714049,0.012263
61,0,0.34898,-0.0170432,0.0408154,0.999021,-0.00295881,0.0070858,0.173436,0.984815,-0.764465,-0.271653,1.56013,0.655978
60,0,0.00511433,-0.953365,0.0260051,-0.300699,-0.00243791,6.64992e-05,-0.000768935,0.999997,0.0333043,-0.0074222,1.72977,0.012512
59,0,0.0106449,0.0246484,0.945117,0.3258,0.000131189,0.0050303,0.00173404,0.999986,0.0878284,-0.0369189,1.69142,0.0935459
57,0,0.016055,0.00724237,0.139414,-0.990208,5.81374e-05,0.00111913,-0.00794878,0.999968,-0.0164312,0.229118,1.31752,0.0203032
55,0,0.0146273,0.0228993,0.756235,-0.653899,0.000167476,0.00553079,-0.00478234,0.999973,-0.0283968,-0.11048,1.1822,0.0191794
69,0,0.0162487,0.0188313,0.891285,0.453051,0.000152991,0.00724104,0.00368071,0.999967,0.0214943,-0.705592,0.391177,0.0402675
0,0,0.0116294,-0.437846,0.899049,-0.00160492,-0.00254594,0.00522769,-9.33209e-06,0.999983,-5.43081,10.0545,-0.0386282,0.0220116
35,0,0.00855294,-0.0182298,-0.678831,0.734068,-7.79591e-05,-0.00290299,0.00313921,0.999991,0.033496,-0.695084,-0.0892374,0.026098
61,0,0.349519,-0.0162245,0.0383583,0.999132,-0.00282097,0.00666939,0.17372,0.984768,-0.772167,-0.276412,1.57681,0.655713
63,0,0.010511,0.0273331,0.972708,-0.230418,0.000143649,0.00511206,-0.00121096,0.999986,-0.0213248,-0.00507176,1.54004,0.0179219
67,0,0.0114256,0.0246404,0.949119,0.313951,0.000140765,0.0054221,0.00179353,0.999984,-0.0129849,0.128316,0.793568,0.0172101
56,0,0.0295388,0.382803,-0.0104417,0.923771,0.00565356,-0.000154213,0.013643,0.999891,-0.0409331,-0.0273191,1.27307,0.0290155
60,0,0.00449991,-0.369871,0.010089,-0.929029,-0.000832191,2.26997e-05,-0.00209027,0.999997,0.0271095,-0.00839638,1.6493,0.00932188
59,0,0.0102806,0.0231081,0.902045,0.431022,0.000118782,0.00463676,0.00221557,0.999987,0.0828247,-0.0494436,1.68831,0.0905917
57,0,0.0177434,0.00449461,0.0375233,-0.999286,3.98742e-05,0.00033289,-0.00886523,0.999961,-0.0196971,0.255155,1.3232,0.0235809
55,0,0.0110191,0.0235917,0.786263,-0.617441,0.000129979,0.00433193,-0.0034018,0.999985,-0.027142,-0.0889874,1.17544,0.0206142
69,0,0.0149099,0.018827,0.891141,0.453336,0.000140353,0.00664335,0.00337957,0.999972,0.0134814,-0.622496,0.389304,0.0286953
0,0,0.0107022,-0.494126,0.869388,-0.00179746,-0.00264411,0.00465216,-9.61832e-06,0.999986,-5.35315,10.0765,-0.0295905,0.0138857
0,0,0.0137068,-0.343474,0.939161,-0.00128115,-0.00235395,0.00643641,-8.78021e-06,0.999977,-5.45444,9.97143,-0.0383112,0.0239441
55,0,0.0138163,0.0205154,0.656033,-0.754454,0.000141722,0.00453195,-0.00521185,0.999976,-0.0292433,-0.11919,1.20049,0.0228029
35,0,0.107169,0.0233147,0.978587,-0.204511,0.00124871,0.0524121,-0.0109534,0.998565,0.158989,5.29889,1.84812,0.0275866
57,0,0.01722,0.00537354,0.0699684,-0.997535,4.62656e-05,0.00060242,-0.00858866,0.999963,-0.010221,0.334626,1.27569,0.0219201
59,0,0.0114471,0.0260494,0.980069,0.19694,0.000149095,0.00560946,0.00112719,0.999984,0.0903275,-0.049713,1.69148,0.0930109
67,0,0.0124382,0.0251085,0.960742,0.276306,0.000156151,0.00597489,0.00171836,0.999981,0.00443595,0.166774,0.695815,0.0111404
63,0,0.0108903,0.0272927,0.969611,-0.243127,0.000148612,0.00527964,-0.00132385,0.999985,-0.0150526,0.0112134,1.70273,0.0136351
61,0,0.348872,-0.0176382,0.0426009,0.998936,-0.00306116,0.00739351,0.173368,0.984825,-0.762111,-0.315232,1.58318,0.667726
60,0,0.00660591,-0.612926,0.0167189,0.789963,-0.00202446,5.52218e-05,0.00260921,0.999995,0.0263359,-0.0111461,1.72985,0.00869679
0,0,0.0108229,-0.509267,0.860606,-0.00184918,-0.00275587,0.00465713,-1.00067e-05,0.999985,-5.45819,9.99276,-0.0385084,0.0222069
55,0,0.0139617,0.0239894,0.80377,-0.594457,0.000167466,0.00561097,-0.00414979,0.999976,-0.0309915,-0.124787,1.19575,0.0241253
35,0,0.0183669,0.00391379,0.312275,0.949984,3.59416e-05,0.00286772,0.00872401,0.999958,0.153529,4.76137,1.41662,0.0202948
57,0,0.0169399,0.0085603,0.188778,-0.981983,7.25042e-05,0.00159891,-0.00831722,0.999964,-0.0239686,0.318934,1.35953,0.0247922
59,0,0.0118762,0.025502,0.967135,0.25298,0.000151433,0.00574293,0.00150221,0.999982,0.0831207,-0.048769,1.71519,0.0895604
60,0,0.0054169,-0.600234,0.0163727,-0.799657,-0.0016257,4.43445e-05,-0.00216583,0.999996,0.0265954,-0.0104866,1.79301,0.0155611
67,0,0.0132162,0.0244597,0.944502,0.327594,0.000161631,0.00624132,0.00216475,0.999978,-0.00166196,0.0904102,0.713944,0.0137653
65,0,0.0596564,-0.0680348,0.00185575,-0.997681,-0.00202905,5.53455e-05,-0.0297546,0.999555,-0.108204,0.0865362,0.654369,0.060396
63,0,0.0130245,0.0274397,0.982493,-0.184266,0.000178693,0.00639822,-0.00119998,0.999979,-0.0247711,0.0534607,1.55762,0.0165493
61,0,0.348934,-0.0174321,0.0419824,0.998966,-0.00302592,0.00728743,0.173404,0.984819,-0.770693,-0.311224,1.59474,0.658813
0,0,0.0159544,-0.264414,0.964409,-0.00100913,-0.00210926,0.00769321,-8.04994e-06,0.999968,-5.39294,10.0195,-0.0456708,0.0288547
55,0,0.0158234,0.0207348,0.665096,-0.74647,0.000164046,0.005262,-0.0059058,0.999969,-0.0328646,-0.0694493,1.29411,0.0251633
35,0,0.0620317,-0.0233314,-0.99402,0.106678,-0.000723526,-0.0308254,0.00330817,0.999519,0.179186,5.83517,1.54922,0.026028
57,0,0.0192703,0.00796703,0.166516,-0.986007,7.67623e-05,0.00160438,-0.00950017,0.999954,-0.0156982,0.227811,1.32414,0.0236575
59,0,0.0129252,0.0242879,0.935351,0.352886,0.000156962,0.00604473,0.00228054,0.999979,0.084126,-0.0348385,1.70906,0.0920255
60,0,0.00417199,-0.949878,0.02591,-0.311546,-0.00198144,5.4048e-05,-0.000649882,0.999998,0.0285167,-0.00552272,1.80096,0.00747535
69,0,0.0185039,0.0189627,0.895693,0.444269,0.00017544,0.00828679,0.0041103,0.999957,0.019662,-0.697629,0.394621,0.0410439
67,0,0.0130793,0.0261183,0.983473,0.17916,0.000170804,0.00643153,0.00117164,0.999979,-0.0109506,0.145596,0.79374,0.0135568
63,0,0.0127422,0.0272454,0.966186,-0.256404,0.000173582,0.00615561,-0.00163356,0.99998,-0.019681,0.00132429,1.69902,0.0144593
61,0,0.349085,-0.0186034,0.0454974,0.998791,-0.00323062,0.00790097,0.173448,0.984806,-0.767322,-0.268038,1.59369,0.636909
35,0,0.116709,0.0230902,0.999733,0.000754244,0.00134665,0.0583056,4.39884e-05,0.998298,0.178384,6.36938,2.00176,0.0184487
61,0,0.348739,-0.0177218,0.0428516,0.998924,-0.0030745,0.0074342,0.1733,0.984836,-0.769296,-0.312235,1.57728,0.686004
63,0,0.0128867,0.0271822,0.961852,-0.272216,0.000175143,0.00619752,-0.00175398,0.999979,-0.0204974,0.0336145,1.54576,0.0152759
67,0,0.0134885,0.0230912,0.907762,0.41885,0.000155732,0.00612214,0.00282482,0.999977,0.00891918,0.140788,0.731126,0.0127588
56,0,0.0141631,0.813101,-0.0221791,-0.581699,0.00575797,-0.000157061,-0.0041193,0.999975,-0.0395568,-0.0200183,1.15069,0.0264298
60,0,0.0155005,-0.392307,0.010701,-0.919772,-0.00304046,8.29347e-05,-0.00712841,0.99997,0.0354346,-0.0116422,1.77805,0.00450217
59,0,0.0114405,0.0250769,0.956395,0.290997,0.000143445,0.00547077,0.00166456,0.999984,0.0824376,-0.0564515,1.69848,0.0899304
57,0,0.0180644,0.00613834,0.098312,-0.995137,5.54419e-05,0.000887961,-0.00898815,0.999959,-0.0189177,0.239526,1.33344,0.0249676
55,0,0.0143184,0.0247604,0.838396,-0.544499,0.000177264,0.0060022,-0.00389815,0.999974,-0.0337435,-0.0776108,1.20472,0.0253937
69,0,0.0168018,0.0182665,0.872074,0.489034,0.000153453,0.00732611,0.00410827,0.999965,0.0314377,-0.634688,0.356814,0.0479344
0,0,0.0125286,-0.433448,0.901177,-0.00158985,-0.00271523,0.0056452,-9.95924e-06,0.99998,-5.44449,10.0062,-0.0409147,0.0249145
35,0,0.0071801,-0.0170786,-0.621611,0.78314,-6.13127e-05,-0.00223161,0.00281151,0.999994,0.0359388,-0.706325,-0.122649,0.0320079
61,0,0.348982,-0.0180792,0.0439243,0.998871,-0.00313868,0.00762557,0.173411,0.984815,-0.771092,-0.274913,1.56288,0.659846
63,0,0.0116715,0.0272768,0.968433,-0.247778,0.00015918,0.00565151,-0.00144597,0.999983,-0.0187677,0.00266766,1.69358,0.0155097
67,0,0.0134558,0.0240254,0.933153,0.358674,0.000161639,0.00627813,0.00241311,0.999977,-0.00320774,0.106382,0.703964,0.0137015
56,0,0.0453185,0.159714,-0.00435651,0.987154,0.0036187,-9.87068e-05,0.0223663,0.999743,-0.0209526,-0.0420927,0.65368,0.0447236
60,0,0.00795665,-0.515726,0.0140675,-0.856638,-0.00205172,5.59649e-05,-0.00340798,0.999992,0.0339813,-0.0120637,1.71851,0.0130643
59,0,0.0115415,0.0251095,0.957235,0.28822,0.000144899,0.00552392,0.00166323,0.999983,0.0820475,-0.0563084,1.72136,0.0912964
57,0,0.0195002,0.0119137,0.315952,-0.9487,0.000116157,0.00308051,-0.00924976,0.999952,-0.00922715,0.364439,1.24792,0.0226746
55,0,0.014666,0.0240019,0.804322,-0.593709,0.000176004,0.00589804,-0.00435362,0.999973,-0.0294808,-0.0799132,1.20223,0.0224
69,0,0.0175437,0.0181396,0.867702,0.496754,0.000159116,0.00761125,0.00435739,0.999962,0.0118139,-0.690842,0.441698,0.0328965
0,0,0.0154679,-0.261006,0.965337,-0.000997387,-0.00201859,0.00746582,-7.71369e-06,0.99997,-5.39769,9.9851,-0.04407,0.0285804
35,0,0.00660282,-0.0153854,-0.539481,0.841857,-5.07934e-05,-0.00178105,0.00277931,0.999995,0.0232392,-0.74382,-0.00868559,0.027758
61,0,0.349475,-0.0173427,0.0417139,0.998979,-0.00301501,0.00725194,0.173672,0.984772,-0.771415,-0.307502,1.57317,0.672388
63,0,0.00927589,0.0274158,0.979952,-0.197338,0.000127152,0.00454495,-0.000915238,0.999989,-0.0120715,0.055827,1.66602,0.0166847
67,0,0.0128851,0.02477,0.952389,0.303878,0.00015958,0.00613575,0.00195773,0.999979,-0.0011279,0.104204,0.817103,0.0177508
56,0,0.0108938,0.896935,-0.0244658,0.441485,0.00488547,-0.000133262,0.0024047,0.999985,-0.028913,-0.0310292,1.02179,0.0369911
60,0,0.00510283,-0.676845,0.0184624,-0.735894,-0.00172691,4.71052e-05,-0.00187757,0.999997,0.0304212,-0.00774132,1.71953,0.0117367
59,0,0.0113116,0.0250425,0.955504,0.293912,0.000141635,0.00540413,0.0016623,0.999984,0.0825208,-0.0541227,1.70187,0.0919562
57,0,0.0147828,0.0121976,0.326833,-0.945003,9.01567e-05,0.00241573,-0.00698484,0.999973,-0.0187031,0.315217,1.33548,0.0216874
55,0,0.0150177,0.0226932,0.747395,-0.663993,0.000170399,0.00561204,-0.00498579,0.999972,-0.0306123,-0.0693312,1.2047,0.0217814
69,0,0.0176851,0.0184987,0.88002,0.474576,0.000163573,0.00778151,0.0041964,0.999961,-0.00942557,-0.683616,0.648882,0.024226
0,0,0.0134137,-0.347701,0.937605,-0.00129568,-0.00233196,0.00628833,-8.68985e-06,0.999978,-5.42396,10.0397,-0.0374709,0.0216557
35,0,0.00475929,0.0181678,0.862549,0.505647,4.32329e-05,0.00205256,0.00120326,0.999997,0.176561,6.1036,1.54832,0.0238225
61,0,0.349253,-0.0178919,0.0433624,0.998899,-0.00310855,0.00753379,0.173549,0.984792,-0.769198,-0.304211,1.57837,0.657078
63,0,0.0131118,0.0274598,0.985005,-0.170328,0.000180023,0.00645756,-0.00111665,0.999979,-0.018209,0.0494387,1.69676,0.0154597
67,0,0.0135361,0.0257952,0.976647,0.213295,0.000174581,0.00660993,0.00144357,0.999977,-0.00379437,0.0617389,0.558802,0.0131913
56,0,0.0164323,0.636544,-0.0173631,0.771045,0.00522989,-0.000142656,0.00633497,0.999966,-0.0339283,-0.0312325,1.14862,0.0365552
60,0,0.00477103,-0.626499,0.0170891,-0.779235,-0.00149452,4.07662e-05,-0.00185887,0.999997,0.0239874,-0.0102696,1.79804,0.0133046
59,0,0.011557,0.0254392,0.965582,0.258854,0.000146999,0.00557956,0.00149577,0.999983,0.0807684,-0.041113,1.72763,0.0904278
57,0,0.0163883,0.00672333,0.120063,-0.992744,5.50914e-05,0.000983802,-0.00813461,0.999966,-0.010337,0.325437,1.28566,0.0231178
55,0,0.0161253,0.0212693,0.687285,-0.726077,0.000171484,0.00554126,-0.00585402,0.999967,-0.0315646,-0.0905033,1.25928,0.0229628
69,0,0.01793,0.0181457,0.867913,0.496384,0.000162674,0.00778072,0.00445001,0.99996,0.0209922,-0.583034,0.415529,0.038944
0,0,0.0165221,-0.226791,0.973943,-0.000879445,-0.00187352,0.00804571,-7.26507e-06,0.999966,-5.42303,10.0841,-0.0416047,0.0257674
0,0,0.0113802,-0.455122,0.890427,-0.00166407,-0.00258967,0.00506657,-9.46861e-06,0.999984,-5.43535,10.0176,-0.0288355,0.0147122
55,0,0.0132778,0.022386,0.734288,-0.678469,0.000148617,0.00487481,-0.00450425,0.999978,-0.0270459,-0.12071,1.20031,0.0205854
35,0,0.0112125,-0.0223627,-0.903894,0.427172,-0.00012537,-0.00506741,0.00239481,0.999984,0.0333071,-0.789412,-0.110246,0.0281783
57,0,0.0163777,0.00564738,0.0801049,-0.99677,4.6245e-05,0.00065596,-0.00816231,0.999966,-0.0164944,0.258033,1.3174,0.0207462
59,0,0.0121297,0.0237722,0.921017,0.388797,0.000144174,0.00558579,0.00235798,0.999982,0.0863945,0.0139809,1.6985,0.0920527
60,0,0.00800092,-0.28905,0.00788441,-0.957282,-0.00115633,3.15412e-05,-0.00382956,0.999992,0.00739188,-0.0101079,1.73047,0.00894099
69,0,0.0160431,0.0180711,0.865333,0.500871,0.000144957,0.00694125,0.00401773,0.999968,-0.000948483,-0.733581,0.449098,0.0293211
67,0,0.0130333,0.0209381,0.845676,0.533286,0.000136446,0.00551095,0.00347523,0.999979,1.56744e-05,0.0993771,0.738788,0.0157695
63,0,0.0114982,0.0270813,0.955351,-0.294231,0.000155692,0.00549237,-0.00169155,0.999983,-0.0232292,0.0121977,1.66229,0.0171781
61,0,0.349423,-0.0167413,0.0399093,0.999063,-0.00291004,0.0069372,0.173661,0.984777,-0.768679,-0.284384,1.57242,0.675701
35,0,0.00789784,-0.0171777,-0.626489,0.779241,-6.78332e-05,-0.00247395,0.00307715,0.999992,0.0410624,-0.727347,-0.111598,0.0342644
63,0,0.0137148,0.0271663,0.960804,-0.275894,0.000186289,0.00658858,-0.00189191,0.999976,-0.0199244,-0.000363831,1.54821,0.0161126
65,0,0.0107652,-0.591305,0.0161291,-0.806286,-0.00318274,8.68159e-05,-0.00433989,0.999986,-0.122333,0.0616214,0.838664,0.0506162
67,0,0.013135,0.0244341,0.943844,0.329486,0.000160469,0.00619863,0.00216387,0.999978,-0.0146202,0.0619282,0.735715,0.0154942
56,0,0.0185968,0.82641,-0.0225421,0.562618,0.00768417,-0.000209602,0.00523137,0.999957,-0.0294101,-0.035454,1.14745,0.0460891
0,0,0.0166235,-0.21283,0.977089,-0.000831284,-0.00176897,0.00812124,-6.90936e-06,0.999965,-5.48294,9.90731,-0.0460838,0.0313524
69,0,0.0171202,0.0197152,0.920402,0.390475,0.000168762,0.00787863,0.00334246,0.999963,0.0196317,-0.678374,0.391535,0.0376664
61,0,0.349142,-0.0182454,0.0444231,0.998846,-0.00316896,0.00771565,0.173485,0.984801,-0.766328,-0.275559,1.57228,0.687961
60,0,0.00401392,-0.996251,0.0271749,-0.0821322,-0.00199943,5.45388e-05,-0.000164836,0.999998,0.0234328,-0.0192733,1.79916,0.0209242
59,0,0.0120678,0.0252172,0.959995,0.278879,0.000152157,0.00579248,0.00168272,0.999982,0.0834117,-0.0495095,1.69552,0.0919331
57,0,0.0189333,0.016072,0.477332,-0.878576,0.000152146,0.00451866,-0.00831704,0.999955,-0.0304223,0.202992,1.38874,0.0240017
55,0,0.013636,0.025319,0.864225,-0.502468,0.000172624,0.00589226,-0.00342581,0.999977,-0.0335644,-0.0910822,1.27065,0.024824
35,0,0.00768297,-0.0186238,-0.698732,0.715141,-7.15429e-05,-0.00268416,0.0027472,0.999993,0.0318518,-0.730424,0.00524014,0.0305579
61,0,0.349029,-0.0162719,0.0385006,0.999126,-0.00282529,0.00668487,0.173478,0.984811,-0.768747,-0.27772,1.57065,0.67975
63,0,0.0114449,0.0266164,0.928661,-0.369974,0.00015231,0.00531417,-0.00211714,0.999984,-0.018008,-0.00509131,1.68729,0.0159056
67,0,0.0108509,0.025276,0.964765,0.261897,0.000137133,0.00523427,0.0014209,0.999985,-0.0118522,0.0582518,0.757777,0.0123461
56,0,0.0457998,0.116326,-0.003173,0.993206,0.00266362,-7.26549e-05,0.0227423,0.999738,-0.0306968,-0.0611741,1.13901,0.0477832
60,0,0.00503385,-0.996647,0.0271857,0.0771714,-0.00250848,6.84243e-05,0.000194234,0.999997,0.0272588,-0.0154006,1.73165,0.018049
59,0,0.00971393,0.0240573,0.928988,0.369327,0.000116845,0.00451205,0.0017938,0.999988,0.0791712,-0.0594025,1.69658,0.0906067
57,0,0.0166715,0.00506358,0.0585108,-0.998274,4.22082e-05,0.000487726,-0.00832126,0.999965,-0.0231788,0.223047,1.348,0.0237084
55,0,0.0149544,0.0196018,0.618593,-0.785467,0.000146566,0.00462531,-0.00587305,0.999972,-0.0319211,-0.0914741,1.22114,0.0243017
69,0,0.015959,0.0185795,0.882772,0.469435,0.000148253,0.007044,0.00374581,0.999968,0.0191534,-0.720022,0.349456,0.0388549
0,0,0.00979022,-0.525398,0.850854,-0.00190424,-0.00257187,0.00416501,-9.32144e-06,0.999988,-5.35849,9.98949,-0.0341441,0.0199376
35,0,0.0149495,-0.015104,-0.526027,0.850334,-0.000112898,-0.00393188,0.00635596,0.999972,0.176132,4.85506,1.42573,0.0264097
61,0,0.348926,-0.0155237,0.0362555,0.999222,-0.0026946,0.0062932,0.173444,0.98482,-0.755894,-0.229048,1.57069,0.656919
63,0,0.0112357,0.027426,0.997827,-0.059904,0.000154075,0.00560562,-0.00033653,0.999984,-0.00959194,0.0228398,1.38746,0.00998804
67,0,0.0103616,0.0236951,0.924316,0.380891,0.000122759,0.00478866,0.00197331,0.999987,0.00108117,0.130913,0.91567,0.0103438
56,0,0.0136526,0.80004,-0.0218228,0.59955,0.00546125,-0.000148967,0.00409266,0.999977,-0.0274862,-0.0369462,1.1299,0.0383378
60,0,0.00602889,-0.681312,0.0185842,-0.731757,-0.00205378,5.60211e-05,-0.00220584,0.999995,0.0310436,-0.0106864,1.75973,0.0109574
59,0,0.0101507,0.0244245,0.939078,0.342836,0.000123962,0.00476611,0.00174,0.999987,0.0897627,-0.0498189,1.6785,0.099313
57,0,0.0164286,0.00528381,0.0666497,-0.997762,4.34022e-05,0.000547474,-0.00819582,0.999966,-0.0108691,0.282343,1.31518,0.0172697
55,0,0.0138376,0.0187404,0.583661,-0.811781,0.00012966,0.00403819,-0.00561649,0.999976,-0.0253815,-0.0832229,1.18156,0.0157879
69,0,0.0149172,0.0171027,0.831324,0.555525,0.000127561,0.00620045,0.00414339,0.999972,0.0279791,-0.631703,0.397985,0.0431478
0,0,0.0130749,-0.31332,0.949647,-0.00117748,-0.0020483,0.00620824,-7.69769e-06,0.999979,-5.4479,9.94366,-0.0332733,0.0172029
35,0,0.122413,0.0222552,0.98721,0.157866,0.00136132,0.060386,0.00965644,0.998127,0.176028,5.4168,1.85629,0.0270941
61,0,0.349069,-0.0175762,0.0424147,0.998945,-0.00305209,0.00736529,0.173466,0.984808,-0.767916,-0.260814,1.56349,0.66376
63,0,0.0121044,0.0274357,0.997479,-0.0654449,0.000166045,0.00603689,-0.000396082,0.999982,-0.0215725,-0.00684405,1.6629,0.0140744
67,0,0.013325,0.0226738,0.896065,0.443343,0.000151063,0.00596999,0.00295375,0.999978,-0.00157708,0.140975,0.719419,0.0138059
56,0,0.0220529,0.509349,-0.0138936,0.860448,0.00561619,-0.000153193,0.00948748,0.999939,-0.0338547,-0.0241412,1.01909,0.0343081
60,0,0.0136466,-0.186696,0.00509258,0.982405,-0.00127387,3.4748e-05,0.0067032,0.999977,0.0297861,-0.00599169,1.79937,0.0109544
59,0,0.0115307,0.024606,0.943981,0.329082,0.000141862,0.00544235,0.00189726,0.999983,0.0787487,-0.0614559,1.69462,0.0907681
57,0,0.0187941,0.00559999,0.0783496,-0.99691,5.26227e-05,0.000736246,-0.00936789,0.999956,-0.0125686,0.240485,1.26434,0.0221083
55,0,0.0147672,0.0222752,0.72958,-0.683533,0.000164469,0.00538688,-0.00504689,0.999973,-0.0322854,-0.0840018,1.18236,0.0237564
69,0,0.0172245,0.0177923,0.855642,0.517263,0.00015323,0.00736893,0.00445475,0.999963,0.00462026,-0.710439,0.597482,0.0316595
0,0,0.0136341,-0.307995,0.951387,-0.00115917,-0.0020996,0.0064856,-7.90202e-06,0.999977,-5.40388,10.1229,-0.0353821,0.018747
35,0,0.0690729,-0.0233023,-0.976773,0.213007,-0.000804618,-0.0337276,0.00735506,0.999404,0.183098,5.73222,1.41092,0.0280506
61,0,0.349233,-0.0178782,0.0433212,0.998901,-0.00310599,0.0075262,0.173539,0.984793,-0.766364,-0.281784,1.63376,0.6317
63,0,0.0122611,0.0274256,0.980958,-0.192275,0.000168133,0.00601376,-0.00117874,0.999981,-0.0215554,0.0174681,1.66321,0.0155494
67,0,0.0132184,0.0243341,0.941255,0.336819,0.000160828,0.00622092,0.0022261,0.999978,-0.00764245,0.0412306,0.757565,0.0130662
56,0,0.0372057,0.308939,-0.00842694,0.951044,0.00574682,-0.000156756,0.0176911,0.999827,-0.0272453,-0.0366146,1.27524,0.0421519
60,0,0.0109463,-0.42073,0.0114763,-0.907113,-0.0023027,6.28109e-05,-0.00496473,0.999985,0.0281047,-0.0194996,1.72462,0.0180053
59,0,0.0118549,0.0248638,0.950835,0.308699,0.000147378,0.005636,0.00182979,0.999982,0.0831865,-0.032673,1.71326,0.0903992
57,0,0.0170695,0.00469098,0.0447604,-0.998987,4.00359e-05,0.000382014,-0.008526,0.999964,-0.0223925,0.270031,1.35604,0.0240923
55,0,0.0146888,0.0222907,0.730237,-0.68283,0.000163709,0.00536309,-0.00501492,0.999973,-0.0309775,-0.145798,1.17979,0.0221079
69,0,0.0177757,0.0191559,0.902127,0.431046,0.000170253,0.00801786,0.00383102,0.999961,0.0106351,-0.724446,0.602627,0.0344377
0,0,0.0123598,-0.395939,0.918276,-0.00146128,-0.00244686,0.00567483,-9.03054e-06,0.999981,-5.46385,9.94502,-0.0469868,0.0324006
0,0,0.00939363,-0.646726,0.762719,-0.00231702,-0.00303754,0.00358234,-1.08826e-05,0.999989,-5.38159,10.0002,-0.0463384,0.0290501
55,0,0.0136193,0.0232209,0.770116,-0.637481,0.000158125,0.00524418,-0.00434099,0.999977,-0.0320845,-0.103746,1.25195,0.0224351
35,0,0.024911,-0.0233109,-0.978022,0.207193,-0.000290342,-0.0121814,0.00258063,0.999922,0.164489,5.91224,1.68535,0.0209803
57,0,0.0155065,0.00676107,0.121468,-0.992572,5.24196e-05,0.00094176,-0.00769556,0.99997,-0.0181692,0.198042,1.32776,0.0223631
59,0,0.0122903,0.0255397,0.968063,0.249401,0.000156944,0.00594885,0.0015326,0.999981,0.0833356,-0.0584465,1.70462,0.09124
56,0,0.0495547,0.00852012,-0.000232358,0.999964,0.000211085,-5.75664e-06,0.0247739,0.999693,-0.0329366,-0.0344826,1.02702,0.0425268
67,0,0.0132381,0.0244767,0.94494,0.326327,0.000162012,0.00625457,0.00215996,0.999978,-0.00696272,0.116615,0.698944,0.0146362
63,0,0.0129987,0.0274838,0.989539,-0.141623,0.000178625,0.0064313,-0.00092045,0.999979,-0.0203023,0.0428569,1.69596,0.0159969
61,0,0.349131,-0.0178569,0.043257,0.998904,-0.00310138,0.00751289,0.17349,0.984802,-0.765373,-0.208223,1.57523,0.66561
60,0,0.00731921,-0.788171,0.021499,-0.615081,-0.00288439,7.86779e-05,-0.00225095,0.999993,0.0247942,-0.0131559,1.72732,0.0171246
0,0,0.0131554,-0.411552,0.911385,-0.00151482,-0.00270704,0.00599477,-9.96394e-06,0.999978,-5.38424,10.025,-0.0399513,0.0250317
55,0,0.0142692,0.0231127,0.765433,-0.643101,0.000164899,0.00546102,-0.00458824,0.999975,-0.0354613,-0.078558,1.25159,0.0246731
35,0,0.0205463,0.0210929,0.956769,0.290082,0.000216687,0.00982886,0.00298,0.999947,0.187234,6.19875,1.71297,0.0218254
57,0,0.0178247,0.0069214,0.127442,-0.991822,6.1685e-05,0.00113579,-0.00883933,0.99996,-0.0105129,0.303128,1.28825,0.0244482
59,0,0.0121409,0.0240332,0.92832,0.371004,0.000145892,0.00563528,0.00225214,0.999982,0.0884221,-0.0400781,1.71912,0.0903792
60,0,0.0059107,-0.972404,0.0265244,-0.231789,-0.00287379,7.83888e-05,-0.000685017,0.999996,0.00801165,-0.0103241,1.7318,0.0134816
69,0,0.0169448,0.0193409,0.908231,0.418022,0.000163862,0.00769481,0.00354161,0.999964,0.0234512,-0.615727,0.12528,0.0392182
67,0,0.0138929,0.0235695,0.920912,0.389057,0.000163723,0.006397,0.00270254,0.999976,-0.00266117,0.0951557,0.776087,0.0171795
63,0,0.0131177,0.0272582,0.967094,-0.252956,0.000178781,0.00634296,-0.00165908,0.999978,-0.018521,-0.0114604,1.43575,0.0146582
61,0,0.349388,-0.0180634,0.0438769,0.998874,-0.00313954,0.0076261,0.173611,0.98478,-0.768742,-0.270673,1.59151,0.65523
35,0,0.0103377,0.0211255,0.957712,0.286953,0.000109194,0.00495023,0.00148321,0.999987,0.203873,6.17442,1.56102,0.0373523
61,0,0.3488,-0.0174781,0.0421203,0.99896,-0.00303275,0.0073086,0.173337,0.984831,-0.761378,-0.278876,1.57104,0.660582
63,0,0.0127228,0.0271449,0.959399,-0.280744,0.000172679,0.00610309,-0.00178592,0.99998,-0.010283,-0.00154889,1.70252,0.0111521
67,0,0.012775,0.0258335,0.977483,0.209428,0.00016501,0.00624362,0.00133771,0.99998,0.0126083,0.114362,0.73452,0.0131358
56,0,0.0277734,0.362418,-0.00988569,0.931963,0.00503263,-0.000137275,0.0129415,0.999904,-0.0290121,-0.0312344,1.0211,0.0408813
60,0,0.00470172,-0.883876,0.0241096,-0.467099,-0.00207787,5.66783e-05,-0.00109808,0.999997,0.0305323,-0.00990419,1.72367,0.0146141
59,0,0.0115003,0.02565,0.970746,0.238733,0.00014749,0.0055819,0.00137274,0.999983,0.0912369,-0.0495904,1.6759,0.0968666
57,0,0.0175746,0.00720524,0.138028,-0.990402,6.33139e-05,0.00121288,-0.00870287,0.999961,-0.0150125,0.215792,1.32879,0.0199989
55,0,0.0140477,0.0213524,0.690754,-0.722775,0.000149974,0.0048517,-0.00507661,0.999975,-0.0269206,-0.0913156,1.20627,0.0195557
69,0,0.0159212,0.0203191,0.93944,0.342111,0.00016175,0.0074784,0.00272338,0.999968,0.0376886,-0.65685,0.399786,0.0519567
0,0,0.0122555,-0.346212,0.938156,-0.00129056,-0.00212149,0.00574876,-7.9082e-06,0.999981,-5.37433,10.0287,-0.0349582,0.0193093
35,0,0.0858268,-0.0232998,-0.996353,0.0820864,-0.000999569,-0.0427438,0.00352153,0.999079,0.180868,5.93013,1.71066,0.0296686
61,0,0.348539,-0.0167098,0.0398146,0.999067,-0.00289729,0.00690341,0.173227,0.984853,-0.766696,-0.288448,1.56174,0.680028
63,0,0.0104048,0.0273638,0.975216,-0.219557,0.000142357,0.00507344,-0.00114222,0.999986,-0.0161622,0.00851607,1.69529,0.0121489
67,0,0.012209,0.0245799,0.947581,0.318568,0.000150047,0.00578449,0.00194469,0.999981,-0.000509323,0.120207,0.697327,0.0119262
56,0,0.0639523,0.0750212,-0.00204632,0.99718,0.00239848,-6.54222e-05,0.0318805,0.999489,-0.0216491,-0.0366322,1.14637,0.0388717
60,0,0.0150601,-0.319318,0.00871006,-0.947607,-0.00240446,6.55865e-05,-0.00713546,0.999972,0.0259411,-0.0133239,1.7873,0.0111683
59,0,0.0101292,0.0255147,0.967449,0.251778,0.000129221,0.0048997,0.00127514,0.999987,0.080491,-0.0465841,1.72301,0.0913772
57,0,0.0176421,0.00260835,-0.031655,-0.999495,2.30081e-05,-0.000279227,-0.00881648,0.999961,-0.0206526,0.196949,1.34137,0.0246775
55,0,0.0174694,0.0167418,0.503785,-0.863667,0.000146233,0.00440035,-0.00754375,0.999962,-0.0340172,-0.127918,1.26613,0.0264247
69,0,0.0153822,0.0195444,0.914878,0.403258,0.000150316,0.00703635,0.00310147,0.99997,0.0333818,-0.638975,0.452868,0.0466359
0,0,0.0102453,-0.58319,0.812333,-0.00210119,-0.00298746,0.00416128,-1.07636e-05,0.999987,-5.34072,10.0216,-0.0327434,0.0176643
0,0,0.0114139,-0.464046,0.885809,-0.0016946,-0.00264827,0.00505523,-9.67094e-06,0.999984,-5.42962,10.0092,-0.0331052,0.0158365
55,0,0.0122199,0.0237103,0.791459,-0.610762,0.000144868,0.00483576,-0.00373171,0.999981,-0.0312406,-0.126046,1.20461,0.0224661
35,0,0.0152081,0.0158498,0.780195,0.625336,0.000120522,0.0059326,0.00475505,0.999971,0.150777,5.05883,1.28434,0.0212014
57,0,0.018226,0.0047052,0.0452846,-0.998963,4.28778e-05,0.000412673,-0.00910341,0.999958,-0.0196913,0.233808,1.33427,0.0223603
59,0,0.0110304,0.0252942,0.961947,0.272063,0.000139502,0.00530532,0.00150048,0.999985,0.0868285,-0.0377214,1.67812,0.0924698
60,0,0.00223524,-0.978549,0.026692,-0.204277,-0.00109364,2.98315e-05,-0.000228304,0.999999,0.0272034,-0.00910811,1.73158,0.00953718
69,0,0.016256,0.0174174,0.842479,0.538447,0.000141567,0.00684758,0.00437644,0.999967,0.0128216,-0.64093,0.376653,0.0334916
67,0,0.0114041,0.0258633,0.978129,0.206385,0.000147472,0.00557729,0.0011768,0.999984,-0.0114189,0.0868878,0.925799,0.0158344
63,0,0.00966833,0.0270918,0.95601,-0.292079,0.000130966,0.00462149,-0.00141195,0.999988,-0.0243563,0.0282702,1.69338,0.0152888
61,0,0.349319,-0.0169386,0.0405013,0.999036,-0.00294346,0.00703802,0.173605,0.984786,-0.767736,-0.306802,1.5956,0.6747
0,0,0.0112502,-0.415361,0.909655,-0.00152788,-0.00233644,0.00511688,-8.59443e-06,0.999984,-5.37178,10.0274,-0.0194644,0.00965483
55,0,0.0135522,0.021092,0.679907,-0.732995,0.000142921,0.00460709,-0.00496683,0.999977,-0.0273534,-0.107785,1.1886,0.0159131
35,0,0.00984738,-0.019194,-0.727886,0.68543,-9.45052e-05,-0.00358387,0.00337483,0.999988,0.0335909,-0.751455,-0.0851938,0.0284753
57,0,0.0152174,0.00448516,0.0371751,-0.999299,3.41258e-05,0.000282851,-0.00760327,0.999971,-0.00485789,0.265254,1.28665,0.0188313
59,0,0.010449,0.0242473,0.934235,0.355832,0.00012668,0.00488091,0.00185904,0.999986,0.0884006,-0.0487869,1.69847,0.0953275
56,0,0.0203236,0.588087,-0.0160413,0.808639,0.00597591,-0.000163006,0.00821708,0.999948,-0.0311295,-0.0362272,1.2767,0.0427971
67,0,0.0121461,0.0236579,0.92331,0.383326,0.000143675,0.00560727,0.00232794,0.999982,-0.0138754,0.0928859,0.714158,0.0148552
63,0,0.00872527,0.0272487,0.966417,-0.25553,0.000118876,0.00421611,-0.00111478,0.99999,-0.0198485,0.0151116,1.6997,0.0148385
61,0,0.349677,-0.0162456,0.0384217,0.99913,-0.00282591,0.00668342,0.173798,0.984755,-0.76844,-0.295946,1.5852,0.656047
60,0,0.00287676,-0.905946,0.0247117,0.422671,-0.00130309,3.55447e-05,0.000607961,0.999999,0.0274331,-0.0175073,1.73748,0.0167651
