DATA	RMP	1	160740	163.902	0.0116091	0.999455	5997
DATA	DGEO	1	1626289	163.764	2.36821e-15	0.969058	130
DATA	RRTStar1000	0	1009459	0	0	0	0
DATA	RRTConnect1000	0	1008938	0	0	0	0
DATA	RRTStar250	0	250077	0	0	0	0
DATA	RRTMeshProj1000	1	1034749	167.659	0.00347138	0.968452	3430
DATA	RRTMeshProj250	1	274617	241.679	0.0034525	0.963639	4876
DATA	RMP	1	51569	426.456	0.0515725	0.999297	7034
DATA	DGEO	1	1433934	421.689	3.49434e-15	0.97237	266
DATA	RRTStar1000	0	1007766	0	0	0	0
DATA	RRTConnect1000	0	1007672	0	0	0	0
DATA	RRTStar250	0	250101	0	0	0	0
DATA	RRTMeshProj1000	1	1056088	427.233	0.00353905	0.968432	8767
DATA	RRTMeshProj250	1	278102	429.497	0.00342578	0.974775	8930
DATA	RMP	1	51849	446.577	0.0426902	0.998977	6881
DATA	DGEO	1	1480561	437.052	2.55709e-15	0.977702	244
DATA	RRTStar1000	0	1007143	0	0	0	0
DATA	RRTConnect1000	0	1009564	0	0	0	0
DATA	RRTStar250	0	250100	0	0	0	0
DATA	RRTMeshProj1000	1	1053490	441.367	0.00394902	0.969708	8854
DATA	RRTMeshProj250	0	254212	0	0	0	0
DATA	RMP	1	61875	306.879	0.0209379	0.999576	6701
DATA	DGEO	1	1544448	306.491	1.67281e-15	0.974749	193
DATA	RRTStar1000	0	1007070	0	0	0	0
DATA	RRTConnect1000	0	1006866	0	0	0	0
DATA	RRTStar250	0	250098	0	0	0	0
DATA	RRTMeshProj1000	1	1027279	316.484	0.0035342	0.967941	6383
DATA	RRTMeshProj250	0	258304	0	0	0	0
DATA	RMP	1	45110	224.4	0.0361074	0.999056	6353
DATA	DGEO	1	1426715	221.917	2.83112e-15	0.962755	172
DATA	RRTStar1000	0	1007884	0	0	0	0
DATA	RRTConnect1000	0	1008867	0	0	0	0
DATA	RRTStar250	0	250205	0	0	0	0
DATA	RRTMeshProj1000	1	1015100	225.389	0.00270636	0.969978	4713
DATA	RRTMeshProj250	1	283863	223.315	0.00223596	0.969461	4621
DATA	RMP	1	39080	233.568	0.010157	0.999558	6499
DATA	DGEO	1	1378608	233.694	1.28236e-15	0.973244	148
DATA	RRTStar1000	0	1011350	0	0	0	0
DATA	RRTConnect1000	0	1006609	0	0	0	0
DATA	RRTStar250	0	250069	0	0	0	0
DATA	RRTMeshProj1000	1	1010916	240.943	0.0038635	0.973488	4824
DATA	RRTMeshProj250	0	261382	0	0	0	0
DATA	RMP	1	35587	117.369	0.0165525	0.999306	5829
DATA	DGEO	1	1377353	115.829	1.8668e-15	0.959827	98
DATA	RRTStar1000	0	1001574	0	0	0	0
DATA	RRTConnect1000	0	1003024	0	0	0	0
DATA	RRTStar250	0	250192	0	0	0	0
DATA	RRTMeshProj1000	1	1022649	118.393	0.00242735	0.966512	2481
DATA	RRTMeshProj250	1	266527	118.393	0.00242735	0.966512	2481
DATA	RMP	1	58475	258.471	0.00925145	0.999607	6357
DATA	DGEO	1	1723461	257.771	2.21173e-15	0.976737	133
DATA	RRTStar1000	0	1005542	0	0	0	0
DATA	RRTConnect1000	0	1006506	0	0	0	0
DATA	RRTStar250	0	250228	0	0	0	0
DATA	RRTMeshProj1000	1	1031260	262.085	0.00392513	0.9723	5243
DATA	RRTMeshProj250	0	261508	0	0	0	0
DATA	RMP	1	41941	48.5075	0.00596168	0.999557	5195
DATA	DGEO	1	1696682	48.2246	2.16107e-15	0.952	58
DATA	RRTStar1000	0	1005373	0	0	0	0
DATA	RRTConnect1000	0	1004301	0	0	0	0
DATA	RRTStar250	0	250157	0	0	0	0
DATA	RRTMeshProj1000	1	1046307	48.4578	0.0023095	0.961666	991
DATA	RRTMeshProj250	1	261165	48.4578	0.0023095	0.961666	991
DATA	RMP	1	46411	292.269	0.00883426	0.999659	6492
DATA	DGEO	1	1540253	291.363	2.20725e-15	0.976256	154
DATA	RRTStar1000	0	1005906	0	0	0	0
DATA	RRTConnect1000	0	1006738	0	0	0	0
DATA	RRTStar250	0	250113	0	0	0	0
DATA	RRTMeshProj1000	0	1002641	0	0	0	0
DATA	RRTMeshProj250	0	271841	0	0	0	0
DATA	RMP	1	52474	238.937	0.0443671	0.998835	6461
DATA	DGEO	1	1528095	237.429	3.72488e-15	0.9598	214
DATA	RRTStar1000	0	1005254	0	0	0	0
DATA	RRTConnect1000	0	1005036	0	0	0	0
DATA	RRTStar250	0	250093	0	0	0	0
DATA	RRTMeshProj1000	1	1024778	243.808	0.00204398	0.971636	5111
DATA	RRTMeshProj250	0	266330	0	0	0	0
DATA	RMP	1	55034	252.307	0.0238529	0.999327	6799
DATA	DGEO	1	1757463	251.974	2.72981e-15	0.970619	175
DATA	RRTStar1000	0	1006209	0	0	0	0
DATA	RRTConnect1000	0	1005153	0	0	0	0
DATA	RRTStar250	0	250174	0	0	0	0
DATA	RRTMeshProj1000	0	1005972	0	0	0	0
DATA	RRTMeshProj250	1	294340	307.664	0.00254233	0.966857	6365
DATA	RMP	1	51868	356.969	0.0550594	0.999327	6933
DATA	DGEO	1	1461382	357.059	2.01814e-15	0.968052	240
DATA	RRTStar1000	0	1005806	0	0	0	0
DATA	RRTConnect1000	0	1005875	0	0	0	0
DATA	RRTStar250	0	250076	0	0	0	0
DATA	RRTMeshProj1000	1	1024551	368.353	0.00320126	0.966894	7669
DATA	RRTMeshProj250	0	255878	0	0	0	0
DATA	RMP	1	35648	56.5834	0.00808991	0.999616	5337
DATA	DGEO	1	1636329	56.4786	3.13081e-15	0.959614	50
DATA	RRTStar1000	0	1002864	0	0	0	0
DATA	RRTConnect1000	0	1007141	0	0	0	0
DATA	RRTStar250	0	250162	0	0	0	0
DATA	RRTMeshProj1000	1	1010545	56.7981	0.001628	0.969591	1191
DATA	RRTMeshProj250	0	262132	0	0	0	0
DATA	RMP	1	42286	175.769	0.00635815	0.999735	6203
DATA	DGEO	1	1981546	175.799	1.64045e-15	0.982352	102
DATA	RRTStar1000	0	1007286	0	0	0	0
DATA	RRTConnect1000	0	1007422	0	0	0	0
DATA	RRTStar250	0	250176	0	0	0	0
DATA	RRTMeshProj1000	1	1009574	177.66	0.004309	0.971156	3549
DATA	RRTMeshProj250	1	282032	290.809	0.00410351	0.967196	5814
DATA	RMP	1	52987	312.889	0.031657	0.998943	6765
DATA	DGEO	1	1828922	309.245	2.59499e-15	0.970425	221
DATA	RRTStar1000	0	1006980	0	0	0	0
DATA	RRTConnect1000	0	1003792	0	0	0	0
DATA	RRTStar250	0	250149	0	0	0	0
DATA	RRTMeshProj1000	1	1031217	323.592	0.00308469	0.961049	6564
DATA	RRTMeshProj250	0	255454	0	0	0	0
DATA	RMP	1	57929	389.14	0.0756743	0.99871	7105
DATA	DGEO	1	1465722	387.187	2.3942e-15	0.963585	282
DATA	RRTStar1000	0	1006375	0	0	0	0
DATA	RRTConnect1000	0	1008727	0	0	0	0
DATA	RRTStar250	0	250158	0	0	0	0
DATA	RRTMeshProj1000	0	1000406	0	0	0	0
DATA	RRTMeshProj250	0	277025	0	0	0	0
DATA	RMP	1	57854	271.123	0.0165946	0.999345	6799
DATA	DGEO	1	1812234	270.369	1.89021e-15	0.972569	170
DATA	RRTStar1000	0	1007570	0	0	0	0
DATA	RRTConnect1000	0	1007820	0	0	0	0
DATA	RRTStar250	0	250135	0	0	0	0
DATA	RRTMeshProj1000	1	1018210	274.382	0.00381766	0.966585	5525
DATA	RRTMeshProj250	0	255336	0	0	0	0
DATA	RMP	1	70555	336.986	0.0458622	0.998413	7314
DATA	DGEO	1	1568378	329.044	5.16218e-15	0.962702	292
DATA	RRTStar1000	0	1004134	0	0	0	0
DATA	RRTConnect1000	0	1004806	0	0	0	0
DATA	RRTStar250	0	250089	0	0	0	0
DATA	RRTMeshProj1000	1	1027125	339.887	0.00299082	0.964439	7040
DATA	RRTMeshProj250	0	266484	0	0	0	0
DATA	RMP	1	50868	444.945	0.0538449	0.998684	7012
DATA	DGEO	1	1600409	439.411	2.32964e-15	0.967891	305
DATA	RRTStar1000	0	1005627	0	0	0	0
DATA	RRTConnect1000	0	1007536	0	0	0	0
DATA	RRTStar250	0	250072	0	0	0	0
DATA	RRTMeshProj1000	1	1051667	442.646	0.00313148	0.965422	9197
DATA	RRTMeshProj250	0	281330	0	0	0	0
DATA	RMP	1	50222	244.219	0.0520066	0.999096	6420
DATA	DGEO	1	1490324	240.966	5.29307e-15	0.964745	219
DATA	RRTStar1000	0	1005466	0	0	0	0
DATA	RRTConnect1000	0	1005542	0	0	0	0
DATA	RRTStar250	0	250163	0	0	0	0
DATA	RRTMeshProj1000	1	1031368	253.467	0.00247109	0.971489	5419
DATA	RRTMeshProj250	0	290601	0	0	0	0
DATA	RMP	1	60203	308.184	0.016266	0.999246	6810
DATA	DGEO	1	1576283	305.999	1.44907e-15	0.970324	182
DATA	RRTStar1000	0	1006842	0	0	0	0
DATA	RRTConnect1000	0	1003354	0	0	0	0
DATA	RRTStar250	0	250263	0	0	0	0
DATA	RRTMeshProj1000	1	1023450	323.113	0.00358627	0.967934	6547
DATA	RRTMeshProj250	0	273236	0	0	0	0
DATA	RMP	1	51559	419.075	0.0575775	0.998729	6855
DATA	DGEO	1	1806735	417.091	4.21335e-15	0.961656	343
DATA	RRTStar1000	0	1004149	0	0	0	0
DATA	RRTConnect1000	0	1003517	0	0	0	0
DATA	RRTStar250	0	250083	0	0	0	0
DATA	RRTMeshProj1000	0	1029465	0	0	0	0
DATA	RRTMeshProj250	0	256007	0	0	0	0
DATA	RMP	1	48598	120.436	0.0106926	0.999469	5909
DATA	DGEO	1	1854385	119.279	3.4037e-15	0.966608	87
DATA	RRTStar1000	0	1001290	0	0	0	0
DATA	RRTConnect1000	0	1005069	0	0	0	0
DATA	RRTStar250	0	250251	0	0	0	0
DATA	RRTMeshProj1000	1	1011620	120.852	0.00342411	0.964416	2455
DATA	RRTMeshProj250	1	281245	120.852	0.00342411	0.964416	2455
DATA	RMP	1	65329	360.304	0.0427915	0.998837	7682
DATA	DGEO	1	1541946	347.178	2.94067e-15	0.965084	270
DATA	RRTStar1000	0	1007163	0	0	0	0
DATA	RRTConnect1000	0	1005565	0	0	0	0
DATA	RRTStar250	0	250221	0	0	0	0
DATA	RRTMeshProj1000	1	1036255	405.231	0.00246856	0.969639	8613
DATA	RRTMeshProj250	0	258195	0	0	0	0
DATA	RMP	1	40455	208.764	0.00658052	0.999754	6299
DATA	DGEO	1	1542405	208.806	1.69048e-15	0.982924	99
DATA	RRTStar1000	0	1001663	0	0	0	0
DATA	RRTConnect1000	0	1011493	0	0	0	0
DATA	RRTStar250	0	250154	0	0	0	0
DATA	RRTMeshProj1000	1	1020055	218.85	0.00432729	0.97471	4376
DATA	RRTMeshProj250	0	262250	0	0	0	0
DATA	RMP	1	43447	324.814	0.0304889	0.998997	6794
DATA	DGEO	1	1523196	320.494	1.99162e-15	0.96918	210
DATA	RRTStar1000	0	1003213	0	0	0	0
DATA	RRTConnect1000	0	1002849	0	0	0	0
DATA	RRTStar250	0	250149	0	0	0	0
DATA	RRTMeshProj1000	1	1039702	331.519	0.00299311	0.964758	6905
DATA	RRTMeshProj250	0	285135	0	0	0	0
DATA	RMP	1	48284	334.878	0.0293554	0.999478	6678
DATA	DGEO	1	1383644	331.816	2.08721e-15	0.971807	210
DATA	RRTStar1000	0	1004543	0	0	0	0
DATA	RRTConnect1000	0	1004562	0	0	0	0
DATA	RRTStar250	0	250147	0	0	0	0
DATA	RRTMeshProj1000	1	1022493	340.755	0.00372136	0.963486	6859
DATA	RRTMeshProj250	0	253240	0	0	0	0
DATA	RMP	1	46402	428.493	0.0450256	0.998962	7088
DATA	DGEO	1	1305722	426.614	1.61265e-15	0.968834	277
DATA	RRTStar1000	0	1002524	0	0	0	0
DATA	RRTConnect1000	0	1003589	0	0	0	0
DATA	RRTStar250	0	250075	0	0	0	0
DATA	RRTMeshProj1000	1	1026637	437.228	0.00334778	0.966469	8868
DATA	RRTMeshProj250	1	280572	465.95	0.00290573	0.969601	9738
DATA	RMP	1	44389	202.106	0.0244329	0.999329	6456
DATA	DGEO	1	1398257	201.773	2.48521e-15	0.968971	156
DATA	RRTStar1000	0	1004726	0	0	0	0
DATA	RRTConnect1000	0	1003091	0	0	0	0
DATA	RRTStar250	0	250098	0	0	0	0
DATA	RRTMeshProj1000	1	1015805	210.846	0.00253716	0.970941	4460
DATA	RRTMeshProj250	1	269647	228.826	0.00304619	0.955051	4726
DATA	RMP	1	40238	173.069	0.0198664	0.998975	6181
DATA	DGEO	1	1353460	170.073	3.25848e-15	0.960954	154
DATA	RRTStar1000	0	1004050	0	0	0	0
DATA	RRTConnect1000	0	1003582	0	0	0	0
DATA	RRTStar250	0	250117	0	0	0	0
DATA	RRTMeshProj1000	1	1012428	171.445	0.00303345	0.963495	3504
DATA	RRTMeshProj250	0	255890	0	0	0	0
DATA	RMP	1	38233	155.888	0.00497121	0.999731	6032
DATA	DGEO	1	1357459	155.9	1.38829e-15	0.977323	80
DATA	RRTStar1000	0	1003822	0	0	0	0
DATA	RRTConnect1000	0	1003441	0	0	0	0
DATA	RRTStar250	0	250090	0	0	0	0
DATA	RRTMeshProj1000	1	1015977	156.548	0.00417164	0.966591	3128
DATA	RRTMeshProj250	1	256920	156.548	0.00417164	0.966591	3128
DATA	RMP	1	44548	310.338	0.0306819	0.999317	6638
DATA	DGEO	1	1298407	307.51	1.96519e-15	0.976491	184
DATA	RRTStar1000	0	1004254	0	0	0	0
DATA	RRTConnect1000	0	1006933	0	0	0	0
DATA	RRTStar250	0	250135	0	0	0	0
DATA	RRTMeshProj1000	1	1022999	309.838	0.00385904	0.963701	6206
DATA	RRTMeshProj250	0	257875	0	0	0	0
DATA	RMP	1	40205	160.383	0.0130096	0.999356	6217
DATA	DGEO	1	1281041	158.252	8.36114e-15	0.969229	169
DATA	RRTStar1000	0	1003930	0	0	0	0
DATA	RRTConnect1000	0	1004456	0	0	0	0
DATA	RRTStar250	0	250077	0	0	0	0
DATA	RRTMeshProj1000	1	1012266	159.129	0.00304433	0.964441	3227
DATA	RRTMeshProj250	0	260663	0	0	0	0
DATA	RMP	1	48201	274.084	0.0370453	0.999485	6480
DATA	DGEO	1	1235964	273.246	5.87395e-16	0.971641	175
DATA	RRTStar1000	0	1004551	0	0	0	0
DATA	RRTConnect1000	0	1003480	0	0	0	0
DATA	RRTStar250	0	250072	0	0	0	0
DATA	RRTMeshProj1000	1	1019745	275.43	0.00293613	0.973526	5687
DATA	RRTMeshProj250	0	257430	0	0	0	0
DATA	RMP	1	34577	59.6945	0.00290996	0.999793	5359
DATA	DGEO	1	1403752	59.716	2.87674e-15	0.974993	48
DATA	RRTStar1000	0	1003375	0	0	0	0
DATA	RRTConnect1000	0	1003436	0	0	0	0
DATA	RRTStar250	0	250136	0	0	0	0
DATA	RRTMeshProj1000	1	1009325	59.9749	0.00409932	0.963799	1200
DATA	RRTMeshProj250	0	252036	0	0	0	0
DATA	RMP	1	45158	218.028	0.0198306	0.999105	6357
DATA	DGEO	1	1415406	215.442	1.54512e-15	0.969692	148
DATA	RRTStar1000	0	1004127	0	0	0	0
DATA	RRTConnect1000	0	1004153	0	0	0	0
DATA	RRTStar250	0	250105	0	0	0	0
DATA	RRTMeshProj1000	1	1026630	219.312	0.00168085	0.983596	4728
DATA	RRTMeshProj250	0	270769	0	0	0	0
DATA	RMP	1	39697	184.5	0.0359501	0.999153	6316
DATA	DGEO	1	1275018	182.356	5.26483e-15	0.96157	155
DATA	RRTStar1000	0	1004251	0	0	0	0
DATA	RRTConnect1000	0	1003402	0	0	0	0
DATA	RRTStar250	0	250148	0	0	0	0
DATA	RRTMeshProj1000	1	1038012	185.276	0.00165584	0.978826	4036
DATA	RRTMeshProj250	0	252009	0	0	0	0
DATA	RMP	1	51079	411.153	0.0274132	0.999063	7190
DATA	DGEO	1	1269931	408.758	1.27684e-15	0.967166	304
DATA	RRTStar1000	0	1004383	0	0	0	0
DATA	RRTConnect1000	0	1003674	0	0	0	0
DATA	RRTStar250	0	250091	0	0	0	0
DATA	RRTMeshProj1000	1	1037619	411.325	0.00270507	0.975946	8487
DATA	RRTMeshProj250	0	292855	0	0	0	0
DATA	RMP	1	43941	271.396	0.0216867	0.999246	6480
DATA	DGEO	1	1430840	269.659	3.37811e-15	0.970258	183
DATA	RRTStar1000	0	1005090	0	0	0	0
DATA	RRTConnect1000	0	1003493	0	0	0	0
DATA	RRTStar250	0	250119	0	0	0	0
DATA	RRTMeshProj1000	1	1040560	271.774	0.00313232	0.967957	5594
DATA	RRTMeshProj250	1	269474	271.774	0.00313232	0.967957	5594
DATA	RMP	1	37887	158.954	0.0193783	0.999355	6198
DATA	DGEO	1	1211121	157.988	2.9559e-15	0.968287	114
DATA	RRTStar1000	0	1003914	0	0	0	0
DATA	RRTConnect1000	0	1004518	0	0	0	0
DATA	RRTStar250	0	250121	0	0	0	0
DATA	RRTMeshProj1000	0	1013718	0	0	0	0
DATA	RRTMeshProj250	1	261584	159.031	0.00294281	0.964576	3236
DATA	RMP	1	42679	284.364	0.0140466	0.99914	6828
DATA	DGEO	1	1554693	282.187	7.4726e-16	0.973406	199
DATA	RRTStar1000	0	1002566	0	0	0	0
DATA	RRTConnect1000	0	1004277	0	0	0	0
DATA	RRTStar250	0	250077	0	0	0	0
DATA	RRTMeshProj1000	1	1077327	283.438	0.00298771	0.972786	5778
DATA	RRTMeshProj250	1	285422	379.428	0.00262585	0.982707	7807
DATA	RMP	1	31664	51.4054	0.00221278	0.999838	5279
DATA	DGEO	1	1324873	51.3698	7.96298e-16	0.970465	29
DATA	RRTStar1000	0	1004523	0	0	0	0
DATA	RRTConnect1000	0	1003308	0	0	0	0
DATA	RRTStar250	0	250131	0	0	0	0
DATA	RRTMeshProj1000	1	1004811	51.5618	0.00377256	0.974264	1034
DATA	RRTMeshProj250	1	262104	51.5618	0.00377256	0.974264	1034
DATA	RMP	1	39258	113.864	0.00927718	0.999589	5810
DATA	DGEO	1	1488432	113.113	1.24142e-15	0.967647	66
DATA	RRTStar1000	0	1004449	0	0	0	0
DATA	RRTConnect1000	0	1003215	0	0	0	0
DATA	RRTStar250	0	250112	0	0	0	0
DATA	RRTMeshProj1000	1	1009577	114.107	0.00349016	0.966441	2365
DATA	RRTMeshProj250	1	264528	114.107	0.00349016	0.966441	2365
DATA	RMP	1	49107	102.388	0.0217515	0.999319	5688
DATA	DGEO	1	1624963	100.766	5.3562e-15	0.957569	89
DATA	RRTStar1000	0	1007618	0	0	0	0
DATA	RRTConnect1000	0	1002003	0	0	0	0
DATA	RRTStar250	0	250184	0	0	0	0
DATA	RRTMeshProj1000	1	1015559	101.715	0.000749386	0.988375	2176
DATA	RRTMeshProj250	0	261663	0	0	0	0
DATA	RMP	1	55193	537.517	0.0445038	0.998831	7242
DATA	DGEO	1	1599162	528.922	2.32372e-15	0.976476	300
DATA	RRTStar1000	0	1002182	0	0	0	0
DATA	RRTConnect1000	0	1003038	0	0	0	0
DATA	RRTStar250	0	250063	0	0	0	0
DATA	RRTMeshProj1000	1	1036726	547.732	0.00277932	0.969325	11268
DATA	RRTMeshProj250	0	259380	0	0	0	0
DATA	RMP	1	45957	295.006	0.00868201	0.999618	6555
DATA	DGEO	1	1373702	294.628	1.71381e-15	0.978337	138
DATA	RRTStar1000	0	1010974	0	0	0	0
DATA	RRTConnect1000	0	1002510	0	0	0	0
DATA	RRTStar250	0	250117	0	0	0	0
DATA	RRTMeshProj1000	1	1031475	300.644	0.00415455	0.967518	6008
DATA	RRTMeshProj250	0	253572	0	0	0	0
DATA	RMP	1	57543	284.885	0.0327348	0.99907	6821
DATA	DGEO	1	1588394	282.964	1.52944e-15	0.96608	229
DATA	RRTStar1000	0	1007718	0	0	0	0
DATA	RRTConnect1000	0	1005243	0	0	0	0
DATA	RRTStar250	0	250169	0	0	0	0
DATA	RRTMeshProj1000	1	1063152	286.928	0.00260814	0.971124	6066
DATA	RRTMeshProj250	0	261225	0	0	0	0
DATA	RMP	1	41310	96.6228	0.00997621	0.999691	5692
DATA	DGEO	1	1710405	96.6479	1.30096e-15	0.96921	62
DATA	RRTStar1000	0	1002633	0	0	0	0
DATA	RRTConnect1000	0	1011914	0	0	0	0
DATA	RRTStar250	0	250071	0	0	0	0
DATA	RRTMeshProj1000	1	1009942	97.0274	0.00375257	0.970252	1971
DATA	RRTMeshProj250	0	271914	0	0	0	0
DATA	RMP	1	41798	219.6	0.00626316	0.999669	6445
DATA	DGEO	1	1613055	219.514	1.28259e-15	0.97713	119
DATA	RRTStar1000	0	1005835	0	0	0	0
DATA	RRTConnect1000	0	1010013	0	0	0	0
DATA	RRTStar250	0	250135	0	0	0	0
DATA	RRTMeshProj1000	1	1030961	220.369	0.00416578	0.97073	4403
DATA	RRTMeshProj250	1	289124	325.602	0.00419638	0.970236	6507
DATA	RMP	1	44813	184.094	0.0328477	0.999269	6095
DATA	DGEO	1	1542044	179.1	5.02005e-15	0.970544	113
DATA	RRTStar1000	0	1007375	0	0	0	0
DATA	RRTConnect1000	0	1005468	0	0	0	0
DATA	RRTStar250	0	250097	0	0	0	0
DATA	RRTMeshProj1000	1	1071415	185.652	0.00252166	0.973336	3904
DATA	RRTMeshProj250	1	263339	195.95	0.00296924	0.96037	4035
DATA	RMP	1	55525	471.05	0.0797733	0.99897	7179
DATA	DGEO	1	1457565	462.421	1.70087e-15	0.970946	280
DATA	RRTStar1000	0	1007999	0	0	0	0
DATA	RRTConnect1000	0	1011340	0	0	0	0
DATA	RRTStar250	0	250117	0	0	0	0
DATA	RRTMeshProj1000	1	1051858	472.925	0.00316193	0.967452	9690
DATA	RRTMeshProj250	0	262513	0	0	0	0
DATA	RMP	1	42928	158.495	0.0150072	0.999462	6046
DATA	DGEO	1	1325862	157.895	4.43697e-16	0.96287	118
DATA	RRTStar1000	0	1005077	0	0	0	0
DATA	RRTConnect1000	0	1003358	0	0	0	0
DATA	RRTStar250	0	250154	0	0	0	0
DATA	RRTMeshProj1000	1	1014788	159.534	0.00234545	0.977095	3391
DATA	RRTMeshProj250	1	269265	159.534	0.00234545	0.977095	3391
DATA	RMP	1	39475	68.9264	0.00704723	0.999579	5286
DATA	DGEO	1	1290832	68.9373	7.08746e-15	0.964794	70
DATA	RRTStar1000	0	1004771	0	0	0	0
DATA	RRTConnect1000	0	1003450	0	0	0	0
DATA	RRTStar250	0	250213	0	0	0	0
DATA	RRTMeshProj1000	1	1014244	69.2938	0.00373404	0.961525	1390
DATA	RRTMeshProj250	0	265602	0	0	0	0
DATA	RMP	1	48894	337.724	0.011551	0.999556	6842
DATA	DGEO	1	1295031	337.267	1.6735e-15	0.973533	176
DATA	RRTStar1000	0	1004201	0	0	0	0
DATA	RRTConnect1000	0	1005095	0	0	0	0
DATA	RRTStar250	0	250165	0	0	0	0
DATA	RRTMeshProj1000	1	1020568	338.938	0.00410989	0.969123	6782
DATA	RRTMeshProj250	1	268465	378.647	0.00409031	0.967165	7572
DATA	RMP	1	45489	278.372	0.0618721	0.99906	6645
DATA	DGEO	1	1251159	277.419	5.97631e-15	0.962617	310
DATA	RRTStar1000	0	1004384	0	0	0	0
DATA	RRTConnect1000	0	1004483	0	0	0	0
DATA	RRTStar250	0	250122	0	0	0	0
DATA	RRTMeshProj1000	1	1021722	290.673	0.0025586	0.96797	6033
DATA	RRTMeshProj250	1	276499	283.34	0.00295973	0.968144	5869
DATA	RMP	1	38774	66.2665	0.00349593	0.999747	5437
DATA	DGEO	1	1296488	66.2712	1.51879e-15	0.968129	50
DATA	RRTStar1000	0	1002509	0	0	0	0
DATA	RRTConnect1000	0	1004663	0	0	0	0
DATA	RRTStar250	0	250082	0	0	0	0
DATA	RRTMeshProj1000	1	1006682	66.6361	0.00394344	0.957283	1334
DATA	RRTMeshProj250	0	251161	0	0	0	0
DATA	RMP	1	44809	357.273	0.011405	0.999493	6739
DATA	DGEO	1	1243137	355.619	1.84815e-15	0.976139	196
DATA	RRTStar1000	0	1003182	0	0	0	0
DATA	RRTConnect1000	0	1004429	0	0	0	0
DATA	RRTStar250	0	250072	0	0	0	0
DATA	RRTMeshProj1000	0	1011787	0	0	0	0
DATA	RRTMeshProj250	0	273165	0	0	0	0
DATA	RMP	1	49753	220.535	0.0112895	0.999599	6330
DATA	DGEO	1	1265328	220.546	1.95898e-15	0.976728	120
DATA	RRTStar1000	0	1006215	0	0	0	0
DATA	RRTConnect1000	0	1003845	0	0	0	0
DATA	RRTStar250	0	250178	0	0	0	0
DATA	RRTMeshProj1000	1	1041938	222.77	0.00392818	0.969108	4470
DATA	RRTMeshProj250	1	274663	371.014	0.00348089	0.974878	7541
DATA	RMP	1	43520	190.794	0.0327659	0.999091	6235
DATA	DGEO	1	1288775	186.994	2.71904e-15	0.967466	121
DATA	RRTStar1000	0	1006728	0	0	0	0
DATA	RRTConnect1000	0	1006075	0	0	0	0
DATA	RRTStar250	0	250161	0	0	0	0
DATA	RRTMeshProj1000	1	1012692	189.178	0.00305128	0.956476	3946
DATA	RRTMeshProj250	0	256177	0	0	0	0
DATA	RMP	1	30460	21.7928	0.0041802	0.999748	4720
DATA	DGEO	1	1328968	21.767	2.74763e-15	0.955002	27
DATA	RRTStar1000	0	1004500	0	0	0	0
DATA	RRTConnect1000	1	787650	27.1068	6.51331e-15	0.686349	6
DATA	RRTStar250	0	250146	0	0	0	0
DATA	RRTMeshProj1000	1	1009791	21.8715	0.00274422	0.968534	455
DATA	RRTMeshProj250	0	285910	0	0	0	0
DATA	RMP	1	54584	433.625	0.0971855	0.998754	7288
DATA	DGEO	1	1244920	419.893	3.02928e-15	0.971372	274
DATA	RRTStar1000	0	1005736	0	0	0	0
DATA	RRTConnect1000	0	1004736	0	0	0	0
DATA	RRTStar250	0	250182	0	0	0	0
DATA	RRTMeshProj1000	1	1026765	423.549	0.00184813	0.968563	8705
DATA	RRTMeshProj250	1	290545	425.557	0.0023545	0.964118	8813
DATA	RMP	1	39167	61.3411	0.00486709	0.999734	5417
DATA	DGEO	1	1357687	61.3484	1.91051e-15	0.968867	48
DATA	RRTStar1000	0	1005516	0	0	0	0
DATA	RRTConnect1000	0	1004529	0	0	0	0
DATA	RRTStar250	0	250076	0	0	0	0
DATA	RRTMeshProj1000	1	1007036	61.59	0.00351107	0.967846	1240
DATA	RRTMeshProj250	0	267264	0	0	0	0
DATA	RMP	1	47963	350.176	0.045126	0.998644	7076
DATA	DGEO	1	1293418	344.142	4.86096e-15	0.967234	272
DATA	RRTStar1000	0	1005524	0	0	0	0
DATA	RRTConnect1000	0	1004752	0	0	0	0
DATA	RRTStar250	0	250097	0	0	0	0
DATA	RRTMeshProj1000	1	1062750	354.007	0.00266893	0.972394	7418
DATA	RRTMeshProj250	0	250637	0	0	0	0
DATA	RMP	1	40608	177.231	0.0279758	0.999261	6117
DATA	DGEO	1	1313021	176.501	2.27219e-15	0.967875	133
DATA	RRTStar1000	0	1004106	0	0	0	0
DATA	RRTConnect1000	0	1004683	0	0	0	0
DATA	RRTStar250	0	250153	0	0	0	0
DATA	RRTMeshProj1000	1	1016684	177.907	0.00223581	0.97025	3680
DATA	RRTMeshProj250	0	268242	0	0	0	0
DATA	RMP	1	38178	96.4478	0.0177017	0.999593	5751
DATA	DGEO	1	1380420	94.6938	3.02478e-15	0.954032	72
DATA	RRTStar1000	0	1004674	0	0	0	0
DATA	RRTConnect1000	0	1004522	0	0	0	0
DATA	RRTStar250	0	250111	0	0	0	0
DATA	RRTMeshProj1000	1	1016781	96.8345	0.00213209	0.974228	2131
DATA	RRTMeshProj250	0	251621	0	0	0	0
DATA	RMP	1	46181	498.623	0.0890515	0.998986	7187
DATA	DGEO	1	1295249	495.123	2.26382e-15	0.970891	334
DATA	RRTStar1000	0	1009703	0	0	0	0
DATA	RRTConnect1000	0	1002183	0	0	0	0
DATA	RRTStar250	0	250169	0	0	0	0
DATA	RRTMeshProj1000	1	1037705	504.503	0.00259312	0.972597	10464
DATA	RRTMeshProj250	0	291079	0	0	0	0
DATA	RMP	1	44019	143.612	0.0219606	0.999283	6109
DATA	DGEO	1	1362115	141.434	4.9565e-15	0.966597	124
DATA	RRTStar1000	0	1010137	0	0	0	0
DATA	RRTConnect1000	0	1010062	0	0	0	0
DATA	RRTStar250	0	250128	0	0	0	0
DATA	RRTMeshProj1000	1	1033444	142.24	0.00190373	0.96641	3030
DATA	RRTMeshProj250	0	250784	0	0	0	0
DATA	RMP	1	38353	169.992	0.00729703	0.999736	6137
DATA	DGEO	1	1406729	169.996	1.67785e-15	0.980535	80
DATA	RRTStar1000	0	1003908	0	0	0	0
DATA	RRTConnect1000	0	1004943	0	0	0	0
DATA	RRTStar250	0	250144	0	0	0	0
DATA	RRTMeshProj1000	1	1010471	170.698	0.00383307	0.968465	3419
DATA	RRTMeshProj250	0	267114	0	0	0	0
DATA	RMP	1	48779	325.686	0.0455438	0.99905	6803
DATA	DGEO	1	1298546	325.709	1.69569e-15	0.966438	268
DATA	RRTStar1000	0	1004226	0	0	0	0
DATA	RRTConnect1000	0	1006018	0	0	0	0
DATA	RRTStar250	0	250091	0	0	0	0
DATA	RRTMeshProj1000	1	1042361	367.898	0.00160974	0.97434	8138
DATA	RRTMeshProj250	1	283264	375.053	0.0028216	0.970214	7887
DATA	RMP	1	48830	438.865	0.0442939	0.999293	7120
DATA	DGEO	1	1274135	432.769	1.93127e-15	0.976863	246
DATA	RRTStar1000	0	1005158	0	0	0	0
DATA	RRTConnect1000	0	1005047	0	0	0	0
DATA	RRTStar250	0	250169	0	0	0	0
DATA	RRTMeshProj1000	1	1024118	444.25	0.00365484	0.963847	9055
DATA	RRTMeshProj250	1	287429	436.025	0.00396882	0.967591	8818
DATA	RMP	1	44197	353.948	0.0238765	0.999568	6590
DATA	DGEO	1	1348396	351.106	2.69007e-15	0.973933	186
DATA	RRTStar1000	0	1005476	0	0	0	0
DATA	RRTConnect1000	0	1005241	0	0	0	0
DATA	RRTStar250	0	250101	0	0	0	0
DATA	RRTMeshProj1000	1	1026077	368.119	0.00384676	0.967788	7407
DATA	RRTMeshProj250	1	289656	364.81	0.0038358	0.973475	7340
DATA	RMP	1	36788	114.912	0.00370828	0.999849	5818
DATA	DGEO	1	1400456	114.925	1.1705e-15	0.983121	58
DATA	RRTStar1000	0	1003476	0	0	0	0
DATA	RRTConnect1000	0	1005739	0	0	0	0
DATA	RRTStar250	0	250065	0	0	0	0
DATA	RRTMeshProj1000	1	1020529	115.256	0.00420427	0.977332	2303
DATA	RRTMeshProj250	1	255157	115.256	0.00420427	0.977332	2303
DATA	RMP	1	45046	292.786	0.0201597	0.998999	6812
DATA	DGEO	1	1338057	289.346	2.62434e-15	0.973669	209
DATA	RRTStar1000	0	1001941	0	0	0	0
DATA	RRTConnect1000	0	1004994	0	0	0	0
DATA	RRTStar250	0	250101	0	0	0	0
DATA	RRTMeshProj1000	1	1037480	304.579	0.00304411	0.967023	6372
DATA	RRTMeshProj250	1	281437	370.732	0.00268698	0.974318	7918
DATA	RMP	1	55178	344.429	0.0202097	0.999231	6623
DATA	DGEO	1	1474063	342.636	1.90585e-15	0.971698	201
DATA	RRTStar1000	0	1001602	0	0	0	0
DATA	RRTConnect1000	0	1004571	0	0	0	0
DATA	RRTStar250	0	250136	0	0	0	0
DATA	RRTMeshProj1000	1	1022174	375.457	0.00342421	0.969823	7627
DATA	RRTMeshProj250	1	270130	349.999	0.00348732	0.965022	7096
DATA	RMP	1	35477	133.533	0.0153716	0.999145	5996
DATA	DGEO	1	1492833	132.566	1.91506e-15	0.955734	104
DATA	RRTStar1000	0	1010490	0	0	0	0
DATA	RRTConnect1000	0	1011046	0	0	0	0
DATA	RRTStar250	0	250164	0	0	0	0
DATA	RRTMeshProj1000	1	1015555	134.243	0.00251527	0.969107	3098
DATA	RRTMeshProj250	1	263502	134.243	0.00251527	0.969107	3098
DATA	RMP	1	60413	352.868	0.022573	0.999035	7448
DATA	DGEO	1	1649857	348.171	9.52826e-16	0.967604	245
DATA	RRTStar1000	0	1004406	0	0	0	0
DATA	RRTConnect1000	0	1004937	0	0	0	0
DATA	RRTStar250	0	250079	0	0	0	0
DATA	RRTMeshProj1000	1	1051302	352.48	0.00285742	0.973492	7215
DATA	RRTMeshProj250	0	253108	0	0	0	0
DATA	RMP	1	47320	277.556	0.0168538	0.999363	6694
DATA	DGEO	1	1430486	277.441	1.54878e-15	0.96961	178
DATA	RRTStar1000	0	1009802	0	0	0	0
DATA	RRTConnect1000	0	1003705	0	0	0	0
DATA	RRTStar250	0	250134	0	0	0	0
DATA	RRTMeshProj1000	1	1049355	278.972	0.00384172	0.970783	5615
DATA	RRTMeshProj250	0	254640	0	0	0	0
DATA	RMP	1	35511	114.521	0.0177728	0.999288	5771
DATA	DGEO	1	1326260	114.048	2.96292e-15	0.958106	110
DATA	RRTStar1000	0	1005317	0	0	0	0
DATA	RRTConnect1000	0	1009841	0	0	0	0
DATA	RRTStar250	0	250121	0	0	0	0
DATA	RRTMeshProj1000	1	1011477	115.304	0.00190067	0.964863	2414
DATA	RRTMeshProj250	1	276908	115.304	0.00190067	0.964863	2414
DATA	RMP	1	36905	165.214	0.0234269	0.9992	6054
DATA	DGEO	1	1386740	164.998	4.18879e-15	0.959624	147
DATA	RRTStar1000	0	1011315	0	0	0	0
DATA	RRTConnect1000	0	1010474	0	0	0	0
DATA	RRTStar250	0	250200	0	0	0	0
DATA	RRTMeshProj1000	1	1016756	168.044	0.0019005	0.97689	3516
DATA	RRTMeshProj250	0	251453	0	0	0	0
DATA	RMP	1	40493	171.564	0.0235695	0.999268	6111
DATA	DGEO	1	1392332	170.632	4.09111e-15	0.963386	148
DATA	RRTStar1000	0	1003353	0	0	0	0
DATA	RRTConnect1000	0	1010767	0	0	0	0
DATA	RRTStar250	0	250065	0	0	0	0
DATA	RRTMeshProj1000	0	1008800	0	0	0	0
DATA	RRTMeshProj250	1	266658	206.331	0.00281601	0.962624	4214
DATA	RMP	1	41442	219.892	0.00948286	0.999689	6307
DATA	DGEO	1	1549941	219.895	1.06883e-15	0.978506	114
DATA	RRTStar1000	0	1005232	0	0	0	0
DATA	RRTConnect1000	0	1011066	0	0	0	0
DATA	RRTStar250	0	250115	0	0	0	0
DATA	RRTMeshProj1000	1	1013880	220.942	0.00418571	0.964994	4413
DATA	RRTMeshProj250	0	250163	0	0	0	0
DATA	RMP	1	48940	218.854	0.00858686	0.999571	6404
DATA	DGEO	1	1541304	218.418	7.21114e-16	0.979065	120
DATA	RRTStar1000	0	1011477	0	0	0	0
DATA	RRTConnect1000	0	1009448	0	0	0	0
DATA	RRTStar250	0	250169	0	0	0	0
DATA	RRTMeshProj1000	1	1013063	226.016	0.00426074	0.971321	4515
DATA	RRTMeshProj250	0	270055	0	0	0	0
DATA	RMP	1	45081	310.264	0.0158237	0.999195	6760
DATA	DGEO	1	1563814	308.998	2.37453e-15	0.970984	213
DATA	RRTStar1000	0	1008980	0	0	0	0
DATA	RRTConnect1000	0	1002540	0	0	0	0
DATA	RRTStar250	0	250148	0	0	0	0
DATA	RRTMeshProj1000	1	1017115	316.337	0.00387608	0.965316	6338
DATA	RRTMeshProj250	1	272012	396.453	0.00375219	0.961089	7980
DATA	RMP	1	41714	193.498	0.020459	0.999493	6226
DATA	DGEO	1	1368474	192.039	1.89639e-15	0.969183	167
DATA	RRTStar1000	0	1011475	0	0	0	0
DATA	RRTConnect1000	0	1006950	0	0	0	0
DATA	RRTStar250	0	250153	0	0	0	0
DATA	RRTMeshProj1000	1	1013309	194.005	0.00302274	0.975159	3974
DATA	RRTMeshProj250	0	265893	0	0	0	0
DATA	RMP	1	32764	89.4919	0.00648542	0.999556	5616
DATA	DGEO	1	1581767	89.4513	2.32995e-15	0.964615	73
DATA	RRTStar1000	0	1003071	0	0	0	0
DATA	RRTConnect1000	0	1001862	0	0	0	0
DATA	RRTStar250	0	250071	0	0	0	0
DATA	RRTMeshProj1000	1	1013388	89.8667	0.00329933	0.965577	1812
DATA	RRTMeshProj250	1	258733	89.8667	0.00329933	0.965577	1812
DATA	RMP	1	42397	204.449	0.00939089	0.99966	6317
DATA	DGEO	1	1458774	204.495	2.09989e-15	0.976802	131
DATA	RRTStar1000	0	1002609	0	0	0	0
DATA	RRTConnect1000	0	1010553	0	0	0	0
DATA	RRTStar250	0	250156	0	0	0	0
DATA	RRTMeshProj1000	1	1027639	206.358	0.0038575	0.972681	4140
DATA	RRTMeshProj250	0	296204	0	0	0	0
DATA	RMP	1	72403	378.845	0.0250046	0.999077	6853
DATA	DGEO	1	1565446	369.69	1.67536e-15	0.973732	223
DATA	RRTStar1000	0	1009687	0	0	0	0
DATA	RRTConnect1000	0	1001551	0	0	0	0
DATA	RRTStar250	0	250160	0	0	0	0
DATA	RRTMeshProj1000	0	1038678	0	0	0	0
DATA	RRTMeshProj250	0	254359	0	0	0	0
DATA	RMP	1	45197	144.563	0.0202654	0.999393	6073
DATA	DGEO	1	1494538	144.13	3.52075e-15	0.969186	126
DATA	RRTStar1000	0	1008533	0	0	0	0
DATA	RRTConnect1000	0	1004406	0	0	0	0
DATA	RRTStar250	0	250078	0	0	0	0
DATA	RRTMeshProj1000	1	1038479	145.767	0.00318673	0.964252	3041
DATA	RRTMeshProj250	0	254320	0	0	0	0
DATA	RMP	1	58668	245.493	0.0310888	0.999047	6452
DATA	DGEO	1	1479610	240.523	2.28755e-15	0.969031	179
DATA	RRTStar1000	0	1003912	0	0	0	0
DATA	RRTConnect1000	0	1003361	0	0	0	0
DATA	RRTStar250	0	250066	0	0	0	0
DATA	RRTMeshProj1000	1	1021230	250.034	0.0036529	0.971687	5060
DATA	RRTMeshProj250	1	270800	249.501	0.00311089	0.963146	5232
DATA	RMP	1	48063	329.281	0.0230071	0.99945	6653
DATA	DGEO	1	1297059	329.291	9.07441e-16	0.975325	192
DATA	RRTStar1000	0	1010711	0	0	0	0
DATA	RRTConnect1000	0	1008627	0	0	0	0
DATA	RRTStar250	0	250229	0	0	0	0
DATA	RRTMeshProj1000	1	1019323	334.761	0.00330595	0.968998	6893
DATA	RRTMeshProj250	0	265038	0	0	0	0
DATA	RMP	1	38133	134.719	0.00591932	0.999748	5908
DATA	DGEO	1	1402123	134.701	9.07211e-16	0.973774	70
DATA	RRTStar1000	0	1004920	0	0	0	0
DATA	RRTConnect1000	0	1004609	0	0	0	0
DATA	RRTStar250	0	250082	0	0	0	0
DATA	RRTMeshProj1000	1	1046790	135.374	0.00415092	0.966393	2713
DATA	RRTMeshProj250	0	250994	0	0	0	0
DATA	RMP	1	37998	223.321	0.0368961	0.999179	6373
DATA	DGEO	1	1352731	221.566	4.42555e-15	0.968374	187
DATA	RRTStar1000	0	1003259	0	0	0	0
DATA	RRTConnect1000	0	1002750	0	0	0	0
DATA	RRTStar250	0	250191	0	0	0	0
DATA	RRTMeshProj1000	1	1023647	227.928	0.00208386	0.974572	4907
DATA	RRTMeshProj250	0	252124	0	0	0	0
DATA	RMP	1	35949	113.233	0.00509537	0.999748	5783
DATA	DGEO	1	1400518	113.261	6.81765e-16	0.974767	62
DATA	RRTStar1000	0	1004460	0	0	0	0
DATA	RRTConnect1000	0	1004781	0	0	0	0
DATA	RRTStar250	0	250097	0	0	0	0
DATA	RRTMeshProj1000	1	1006635	113.786	0.00375415	0.969364	2281
DATA	RRTMeshProj250	1	263531	113.786	0.00375415	0.969364	2281
DATA	RMP	1	38200	100.587	0.0161113	0.999448	5689
DATA	DGEO	1	1351087	100.39	3.21762e-15	0.965464	86
DATA	RRTStar1000	0	1004772	0	0	0	0
DATA	RRTConnect1000	0	1004837	0	0	0	0
DATA	RRTStar250	0	250109	0	0	0	0
DATA	RRTMeshProj1000	1	1021065	101.049	0.00204362	0.964566	2129
DATA	RRTMeshProj250	0	277161	0	0	0	0
DATA	RMP	1	44876	421.817	0.0280285	0.999114	6929
DATA	DGEO	1	1412689	420.365	1.29879e-15	0.97064	263
DATA	RRTStar1000	0	1004074	0	0	0	0
DATA	RRTConnect1000	0	1005038	0	0	0	0
DATA	RRTStar250	0	250108	0	0	0	0
DATA	RRTMeshProj1000	1	1028512	425.95	0.00319308	0.971945	8695
DATA	RRTMeshProj250	1	277248	453.591	0.0029994	0.972074	9343
