0,1,2,3
0.00771248,0.000314894,0.000407198,0.000828508
0.000747378,0.000142373,0.000594152,0.000673035
0.000272837,0.000358741,6.8841e-05,0.000106565
0.00161121,0.000136919,0.000561779,0.000948405
0.000318293,9.3598e-05,0.000173321,0.000251379
0.000336788,0.000113922,0.000181354,0.000296228
0.000703979,0.000236527,9.7992e-05,0.00015215
0.000317087,0.000133319,0.000151427,0.000244645
0.00170854,0.0003454,0.000327167,0.000619166
0.000394765,0.000137776,9.0757e-05,0.00016217
0.000369337,0.000123558,0.000169521,0.000264223
0.000424054,0.000145147,9.5226e-05,0.000208435
0.000373624,0.000130489,0.000127438,0.000207635
0.00165156,0.000222296,0.000123652,0.00019237
0.000355079,0.000115453,9.0276e-05,0.000161243
0.000588054,0.000143825,0.000120353,0.000224143
0.000544115,0.000259653,0.000111577,0.000197337
0.000629209,0.000153052,0.000103741,0.000189873
0.000430698,0.000125073,9.6734e-05,0.000150827
0.000924215,0.000159089,0.000368561,0.000719652
0.000583782,0.000139839,0.000119379,0.00020889
0.000566385,0.000118927,8.7733e-05,0.000149071
0.000485627,0.000118363,0.000103586,0.00020098
0.000442117,8.7524e-05,8.9147e-05,0.000175441
0.000450762,8.9204e-05,9.8334e-05,0.000167868
0.000400861,0.000104152,0.000556948,0.000986244
0.00148123,0.000223737,8.7173e-05,0.000149697
0.000559391,0.000124694,0.000131635,0.000205504
0.000615097,0.000173912,0.000254385,0.000355718
0.00045234,7.7539e-05,0.000144937,0.000263444
0.00285213,0.000345448,0.000161371,0.000281801
0.000468471,9.6721e-05,0.000626122,0.000841379
0.00049913,0.000154664,0.000727125,0.00112048
0.000553227,0.000179192,8.5739e-05,0.000136348
0.00082415,0.000212126,0.000117245,0.000187855
0.000610296,0.000128298,0.000161743,0.000227766
0.000452306,0.000143793,0.00010944,0.00017739
0.000616207,9.7685e-05,0.000175843,0.000259051
0.00041109,0.000142695,9.6888e-05,0.000147246
0.00292742,0.000456701,0.000176269,0.000252499
0.000593994,0.000135688,0.000150576,0.000253365
0.000545566,0.000109391,0.000135322,0.000210922
0.00194666,0.000120487,0.000170427,0.000257378
0.000543642,0.000124969,0.00023794,0.000428054
0.000427023,0.000125637,0.000802788,0.000901635
0.000430136,7.4825e-05,0.000188466,0.000287747
0.000519661,8.3209e-05,9.0186e-05,0.000133234
0.000741378,0.000162571,0.000233961,0.000397717
0.00401293,0.000299529,0.000111828,0.000177065
0.000642333,0.000127463,0.000206799,0.000299104
0.000519506,0.0002266,0.000226086,0.000306916
0.00183499,0.000217214,0.000197216,0.000249929
0.000493188,0.000114672,0.000271797,0.000348623
0.00070441,0.000158113,0.00165431,0.00249542
0.000545797,0.000101717,0.000326882,0.000405933
0.000765227,0.000162092,0.000241542,0.000329553
0.000843194,0.000176081,0.000362925,0.000434691
0.00058942,0.000129648,0.000375986,0.000580729
0.00276972,0.000408739,0.000333665,0.00062037
0.000536851,0.000129645,0.000220901,0.000300415
0.000617297,0.000142687,0.000846971,0.0012413
0.00192503,0.000367943,0.000159941,0.000210145
0.00045635,0.000115623,0.000210796,0.000290483
0.00170168,0.000181652,0.000924511,0.001244
0.000720264,0.000296491,0.000256723,0.000340401
0.00375758,0.000408886,0.000725975,0.00109963
0.00270309,0.00022763,0.00126734,0.00168156
0.00043804,8.6938e-05,0.000297317,0.000407884
0.000601986,0.000103919,0.000474539,0.00126429
0.0022542,0.000124985,0.000824224,0.00168016
0.000916535,0.000252547,0.000496357,0.000583364
0.000656338,0.000132504,0.00013711,0.000193712
0.000487648,8.329e-05,0.00031368,0.000482411
0.00102926,0.000145553,0.000638565,0.00135144
0.000632487,0.000136838,0.00011584,0.000196824
0.000443209,9.6457e-05,0.000670138,0.00157422
0.000674403,0.000182564,8.8787e-05,0.000128339
0.000686457,0.000214239,0.000535074,0.000965451
0.000695136,0.000129674,0.000130072,0.000189574
0.000501055,7.9348e-05,0.000136786,0.000325604
0.000477124,0.00012322,0.000197552,0.000351372
0.00055974,0.000114549,7.9797e-05,0.000122856
0.000567873,0.000123016,0.000936608,0.00125266
0.000529042,8.2419e-05,0.000112873,0.00017258
0.000718956,0.000114624,0.000131838,0.000215649
0.0021033,0.00055409,0.000135595,0.000260898
0.00370524,0.000325353,0.000131062,0.000191256
0.000789148,0.000177549,0.000171837,0.000280935
0.000524847,0.00012052,0.00017122,0.000356753
0.000576443,0.000362518,0.000152169,0.000250229
0.000562477,0.000112196,0.000160857,0.000324007
0.000469045,8.1582e-05,0.000131621,0.00020026
0.000669453,0.000163859,0.000211069,0.000308954
0.000715968,0.000122512,9.6042e-05,0.000146666
0.000512179,8.5262e-05,0.000182781,0.000267245
0.000486325,8.4421e-05,0.00133362,0.00177547
0.00458043,0.000419399,0.000136283,0.000194135
0.000607229,0.000121752,0.000968942,0.00151773
0.00146367,0.000134067,0.00111286,0.001492
0.00371837,0.000209621,0.000268529,0.000357024
0.000532787,0.000112178,0.000858876,0.0013692
0.000775952,0.000164429,0.000144538,0.000188148
0.000502498,0.000113503,0.000237556,0.000313783
0.000595211,0.000119717,0.000250418,0.000325754
0.000469251,8.1385e-05,0.000231708,0.0003171
0.0010267,0.000243722,0.000159086,0.000247061
0.000629383,0.000293587,0.000151729,0.000216179
0.000943643,0.000152539,0.000164308,0.000248163
0.000807279,0.000141405,0.000134641,0.000192013
0.00100281,0.000147187,0.000644603,0.00106422
0.00053033,0.000119237,0.000182854,0.000262037
0.000614132,0.000242896,0.000108404,0.000186873
0.00602849,0.000149334,0.000120923,0.000190551
0.00225755,0.000270232,0.000127689,0.000188487
0.00224474,0.000227023,0.000241079,0.000361077
0.00167172,0.000238212,0.000817106,0.000950295
0.00131466,0.000179549,0.000474966,0.000732727
0.000680974,8.8572e-05,0.00146335,0.0019116
0.000446799,9.7262e-05,0.000158822,0.000235429
0.000474096,0.000117706,0.0012476,0.00168685
0.00309548,0.000436825,0.000251032,0.000424465
0.000510579,0.000109874,0.000215122,0.000372842
0.000549674,0.000112539,0.000203415,0.00030642
0.000780202,0.000169359,0.000138362,0.000212764
0.000596932,0.000114872,0.000692181,0.00112703
0.000645315,0.000143612,0.000802879,0.00129814
0.000904445,0.00012929,0.000187675,0.000244258
0.000411542,9.309e-05,0.000386137,0.000483966
0.00056816,0.000135151,0.000197975,0.000258428
0.000608428,0.000214356,0.000662939,0.00107689
0.000613045,0.000193975,0.000124854,0.000199277
0.00214246,0.000119673,0.000157457,0.000225264
0.00184901,0.000203214,0.000372574,0.000507617
0.000434687,7.823e-05,0.000537586,0.000851977
0.000634672,0.000158436,0.000512019,0.000665055
0.00146228,0.00022116,0.000810815,0.00228454
0.00192748,0.000227676,0.000385058,0.00154803
0.00117283,0.000474718,0.000843607,0.00122577
0.00131503,0.000297912,0.000493364,0.000829513
0.000565394,0.000182471,0.000784275,0.0014088
0.000975697,0.000212843,0.000219068,0.000328203
0.0023944,0.000858191,0.000179576,0.000249187
0.00484132,0.000118448,0.000187354,0.000282418
0.000869623,0.000166875,0.00198797,0.0034279
0.00302848,0.000317954,0.000231722,0.000394796
0.000498346,7.8108e-05,0.000175646,0.000296806
0.000454803,7.6961e-05,0.000112857,0.000173848
0.00107097,0.000121181,0.000263586,0.000419924
0.000446794,8.4523e-05,8.6389e-05,0.000134136
0.000648632,0.00014814,0.00034822,0.00051152
0.00174726,0.000223774,0.000730915,0.00115757
0.000635568,0.000123481,0.000141764,0.000214169
0.000992498,0.000122499,0.000709916,0.00112541
0.000533584,0.000110159,0.000142146,0.000210668
0.000719919,9.0869e-05,0.000206193,0.000298575
0.000662944,0.000104316,0.00023439,0.000326308
0.000750157,0.000139984,0.000281507,0.000461157
0.000700275,0.000116019,0.000233084,0.000360306
0.000577766,0.000113003,0.000148084,0.000206528
0.000599345,0.000114808,0.000216009,0.000303279
0.00147721,0.000113443,0.000214136,0.000489872
0.00111528,0.000155571,0.000302946,0.000393149
0.000517875,0.000121628,0.000267033,0.000355911
0.000669108,0.000136968,0.000176133,0.000246299
0.000445206,8.5436e-05,0.000181238,0.000275843
0.000569178,0.000132484,0.00073952,0.00119155
0.000908193,0.000210541,0.000129847,0.00019445
0.000799684,0.000124684,0.000174321,0.000262072
0.000633995,0.000254646,0.000144905,0.000236553
0.00051407,9.9371e-05,0.00017905,0.000258477
0.000437849,9.9642e-05,0.000231101,0.000332583
0.00318253,0.000287869,9.5947e-05,0.000161209
0.000494901,8.4269e-05,0.000608566,0.00105562
0.00150423,9.7601e-05,0.000161395,0.000239399
0.000615376,0.000121249,0.0012397,0.0015545
0.00087933,0.000121738,0.000159226,0.000250992
0.000630337,0.000107659,0.000146257,0.000218766
0.00080451,0.000345721,0.000459275,0.000746282
0.00188915,0.000246248,0.000442001,0.000763382
0.000874456,0.000272878,0.000461486,0.00133935
0.00373765,0.000457767,0.000122218,0.000207694
0.00153878,0.000118351,0.000889713,0.00126243
0.00301663,0.000281013,0.000195344,0.000283863
0.000447012,8.3797e-05,0.000644521,0.00101299
0.00056118,0.000144141,0.000212157,0.000315413
0.000541278,0.000128731,0.000165061,0.000253879
0.000489225,9.3767e-05,0.000167161,0.000213358
0.000780003,0.000193596,0.000199354,0.000270966
0.000358077,8.1687e-05,0.000127716,0.000248544
0.000532241,0.000119222,0.000242755,0.000371866
0.000427635,0.000112902,0.000200326,0.000346598
0.00033358,8.4714e-05,0.000123232,0.000178779
0.000399884,8.2031e-05,0.000197881,0.000275035
0.000781213,0.000143152,9.05e-05,0.000142101
0.00142473,0.000364167,0.000162466,0.000237211
0.00246363,0.000275268,0.000211319,0.000318437
0.000489181,0.000138449,0.000893511,0.00125865
0.000597823,0.000114565,0.000123888,0.000197135
0.000315107,8.5902e-05,0.000132542,0.000194744
0.000394131,0.00012336,0.000163101,0.000260898
0.00123814,0.000293708,0.000149874,0.000248616
0.00141614,0.000282878,0.000384013,0.000482757
0.00113885,0.000240951,0.000158753,0.000244895
0.000358242,9.0246e-05,0.000312033,0.000535965
0.000360395,8.1048e-05,0.000627575,0.00074029
0.000443333,0.000111421,0.00018575,0.000279769
0.000460511,0.000140939,0.000110092,0.000171227
0.00104421,0.000213291,0.000169642,0.000274453
0.000657586,0.000157326,7.6385e-05,0.000136372
0.000395462,0.000125638,0.000580868,0.00106171
0.00143367,0.00020136,0.000150655,0.000259176
0.000811987,0.000191189,0.000226234,0.000426846
0.00104178,0.000470423,0.000129076,0.000216373
0.00305834,0.000286182,0.00015155,0.000224636
0.0016851,0.000199573,0.000288062,0.000490737
0.000528445,0.00010388,0.000143874,0.000241565
0.000528636,0.00011426,8.2181e-05,0.000131417
0.000638156,0.000154164,0.00217272,0.00262809
0.000631735,0.000154799,8.9484e-05,0.00014215
0.000531317,0.000114587,0.000450023,0.000852448
0.00090416,0.000171204,0.000402793,0.000478434
0.00551572,0.0004909,0.000105522,0.000162449
0.000678422,0.000133766,0.000218609,0.000310772
0.000511477,0.000142519,0.000658904,0.00100584
0.000569272,0.000114685,0.000211658,0.000308274
0.000591922,0.000106308,0.000459977,0.00120887
0.000517513,0.000165096,0.000105483,0.000176212
0.000648968,0.00011902,0.000188552,0.000275227
0.00106337,0.000130427,0.00010893,0.000166271
0.000684716,0.000111269,0.000486168,0.000842781
0.00186425,0.000303626,0.000217123,0.000343134
0.00350868,0.00106864,0.000448844,0.000666891
0.000744631,0.000112072,0.000125978,0.00020556
0.00059917,9.0861e-05,0.00127159,0.00165292
0.000712779,0.00024455,0.000206188,0.000537637
0.000723565,0.000134323,0.000195394,0.000296838
0.000704167,0.000123171,0.000181592,0.000254255
0.000611442,0.000111322,0.000167903,0.000249063
0.000673968,0.000136634,0.000631967,0.00104389
0.000521828,0.00011469,0.000146059,0.000222366
0.000451392,8.7393e-05,0.000565861,0.000845415
0.00143989,8.8899e-05,0.000118875,0.000176821
0.00115981,0.000114629,0.000752609,0.000997378
0.000895847,0.00015558,0.000914078,0.000997158
0.00373016,0.000138128,0.000242776,0.000349998
0.000590589,0.000116935,0.00027648,0.000374487
0.000496687,0.000116963,0.000145296,0.000221844
0.000895711,0.000123588,0.00017613,0.000251442
0.000560381,0.000115831,0.000106796,0.000150966
0.000710347,0.000139506,0.000607862,0.00135627
0.000528916,9.8354e-05,0.000144905,0.000231144
0.000527974,0.000184836,0.000130144,0.000181179
0.000975195,0.000187689,0.000562107,0.000910532
0.000705231,0.000131805,0.000181799,0.000250994
0.000448464,0.000101915,0.00124076,0.00160901
0.00130001,0.000127199,0.000200564,0.000284177
0.000954715,0.000115795,0.00022872,0.000292349
0.000464353,8.5022e-05,0.000126245,0.000209287
0.000585436,0.000132899,0.000244344,0.00034643
0.000525819,8.9905e-05,0.000276786,0.000534555
0.000540201,0.000132502,0.000184875,0.000422084
0.000956967,0.000118414,0.000153583,0.000206445
0.000678456,0.000130448,0.000184895,0.000267235
0.000543736,0.000128631,0.00029206,0.000527507
0.000406663,8.2523e-05,0.000133434,0.000208796
0.000646118,0.000156787,0.000272049,0.000409134
0.00071388,0.000312771,0.000264974,0.000526906
0.00111086,0.000198343,0.000201625,0.000283553
0.000464678,0.000127093,0.000149371,0.000244126
0.000452278,9.59e-05,0.000164026,0.000240483
0.000632566,0.000146041,0.000199812,0.000282028
0.000545749,0.000107087,0.00012581,0.0001686
0.000449219,0.000104164,0.000260699,0.000421346
0.00105495,0.000112764,0.000133374,0.000204177
0.000520882,0.000110206,0.000185309,0.000261693
0.000598641,0.000120917,0.000223746,0.000311341
0.000651362,0.000110692,0.000168761,0.000228809
0.000413693,8.0444e-05,0.000229284,0.000312067
0.000620359,0.000131929,0.000270055,0.000383015
0.000426295,7.7645e-05,0.000235424,0.000323201
0.000968736,0.000339299,0.000177754,0.000265305
0.000537021,9.9161e-05,0.000209036,0.000295295
0.000453703,0.000107668,0.000202559,0.000290638
0.000636253,0.000123443,0.000126457,0.000203195
0.000480912,8.4645e-05,0.000173437,0.000264755
0.000687545,0.000156294,0.000198974,0.000263847
0.00302834,0.000273073,0.000191593,0.000268538
0.000790845,0.00012359,0.000180765,0.000270025
0.00197723,0.000225709,0.000197805,0.00040791
0.00175906,0.00020809,0.00126215,0.00166252
0.000536394,0.000127488,0.000188721,0.000276222
0.000422209,8.2936e-05,0.00011726,0.000161058
0.00054919,0.000145887,0.00125958,0.00136152
0.00101221,0.000166946,0.000103729,0.000143926
0.000660552,0.000110499,0.000282908,0.000376832
0.000770456,0.00012431,0.000150796,0.000228323
0.00176671,0.000220112,0.000157252,0.000217645
0.00066604,0.000122339,0.00153533,0.00193202
0.000538652,0.000137602,0.000106877,0.000148679
0.000666107,0.000110151,0.00170471,0.00219954
0.0019644,0.000382083,0.00137588,0.0017029
0.00128769,0.000252183,0.000409238,0.00069054
0.000540239,9.4691e-05,0.000699734,0.000960923
0.00115482,0.000227262,0.000115147,0.000160984
0.000694071,0.000130145,0.00020081,0.000350072
0.000865422,0.000189468,0.00161291,0.00209826
0.00178616,0.000250798,0.000123283,0.000188164
0.000495919,0.000247592,0.00018976,0.000275862
0.00108701,0.000238546,0.000478249,0.000756346
0.000471244,9.438e-05,0.000660595,0.00107267
0.000608244,0.000134814,0.000240711,0.000332321
0.00364948,0.000395199,0.000159033,0.000210892
0.000675605,0.000249995,0.000288059,0.000371927
0.00308985,0.000413511,0.000281015,0.000616452
0.00158817,0.000216968,0.000273008,0.000427999
0.000579412,0.000110292,0.000580838,0.000689352
0.000447279,0.000110812,0.000149911,0.000210938
0.000596141,0.000134574,0.000234709,0.000326187
0.000762249,0.000128979,0.000108314,0.000173492
0.00059088,0.000120574,0.000213518,0.00037433
0.000908445,0.000210657,0.0002574,0.000354629
0.00137241,0.000207833,0.000186773,0.00027272
0.0037045,0.000305944,0.000140196,0.000225037
0.000438983,8.3713e-05,0.000539508,0.000832821
0.00109435,0.000239706,0.000296801,0.000390715
0.000430161,0.000135231,0.000770484,0.0012144
0.00109129,0.000304096,0.000111459,0.000167684
0.000472356,0.000105744,0.000154696,0.000229633
0.000390642,0.00011435,0.000209503,0.000316582
0.00037003,9.3834e-05,0.000560989,0.000682606
0.00140569,0.000232079,0.000725952,0.000967852
0.000530228,0.000129117,0.00157973,0.00207732
0.00125503,0.000135264,0.000467231,0.000570847
0.000496118,0.000104469,0.00013718,0.000202913
0.00105976,0.000195873,0.000187912,0.000256751
0.000581081,0.000133672,0.000473751,0.000716513
0.000568311,0.000130439,0.00012796,0.000186814
0.00153154,0.000391231,0.000225858,0.000319004
0.000578725,0.000121641,9.8549e-05,0.000150971
0.00409854,0.000178529,0.000131314,0.000208433
0.00119908,0.000148013,0.000501643,0.000943964
0.00147283,0.000208895,9.1943e-05,0.000154047
0.00457744,0.000349627,0.000476373,0.000854316
0.00127272,0.000118701,0.000379158,0.00168478
0.00138541,0.000248291,0.000445063,0.00103511
0.000504344,0.000268146,0.000638837,0.00116317
0.00291022,0.000339698,6.9485e-05,0.000129645
0.00308976,0.00038083,0.00010966,0.00019911
0.00109541,0.000203673,0.000296996,0.000748245
0.0010827,0.000224215,0.000143393,0.000247126
0.00251904,9.5549e-05,0.000894824,0.00234348
0.000571383,0.000135773,0.000180654,0.000262297
0.0018027,0.000225356,0.000424971,0.000584151
0.000549319,0.000120316,9.8371e-05,0.000159429
0.000470891,0.000105016,0.00103757,0.00169916
0.000700238,0.000115309,0.000187609,0.000279495
0.00438174,0.000274842,0.000103648,0.000173366
0.00283675,0.000304854,0.00099385,0.0014466
0.00115248,0.000289781,0.000105732,0.000170567
0.000919766,0.00029075,0.000791498,0.00120092
0.00201457,0.000217139,0.000250895,0.000405311
0.000681035,0.000113757,0.00032694,0.000624732
0.00152695,0.00021049,0.00058547,0.00103875
0.000650471,0.000112126,0.000113058,0.000172595
0.000748002,0.000135369,0.00102317,0.00114408
0.000773701,0.00011951,0.000277703,0.000357654
0.00246043,0.000276857,0.000206858,0.000280061
0.00339659,0.000354013,0.000432258,0.00050603
0.00330742,0.00022589,0.000783662,0.00120937
0.0045006,0.000315272,0.000293368,0.000390926
0.00331748,0.000924137,0.00222307,0.00349494
0.00078808,0.000121433,0.000593643,0.000710805
0.00197576,0.000320938,0.00237512,0.0030581
0.00202435,0.000214176,0.00018535,0.000268494
0.00163277,0.000196264,0.000224133,0.00030896
0.000634475,0.000115096,0.000792891,0.000873713
0.000818303,0.000184917,0.000156893,0.000204877
0.00117807,0.000122065,0.000174523,0.000253645
0.000683202,0.000117296,0.00011435,0.000160892
0.00267774,9.2364e-05,0.000198267,0.000285626
0.00214796,0.000195414,0.000330715,0.00042245
0.00327739,0.000295855,0.000509955,0.000818156
0.00234858,0.000214798,0.00158784,0.0022147
0.000857765,0.000220527,0.000176782,0.000246943
0.00451907,0.000369682,0.000978629,0.00217965
0.00434089,0.000474012,0.000491881,0.000661385
0.0032713,9.7563e-05,0.0023053,0.00262098
0.000822555,0.000122588,0.00196122,0.00235976
0.00924927,0.000277591,0.00213333,0.00312725
0.00186829,0.000215676,0.000478486,0.000587141
0.00329382,0.000126373,0.000211525,0.000301055
0.000637877,8.2817e-05,0.00342278,0.00375161
0.00082845,0.000111944,0.00240768,0.00284625
0.00085159,0.000281521,0.000224066,0.000267983
0.000924065,0.000171363,0.000416033,0.000508028
0.000678985,0.000114851,0.000373991,0.000538779
0.00057643,8.5459e-05,0.000343048,0.000453684
0.000600709,0.000109131,0.000933449,0.00101474
0.000888944,0.000110826,0.000273462,0.000341094
0.00252056,0.000236242,0.00109891,0.00143904
0.0016475,0.00023448,0.00187,0.00197205
0.00078222,0.000120358,0.000258065,0.00033296
0.000735821,0.000111603,0.000251306,0.000330199
0.000745768,0.00025372,0.000384369,0.000486506
0.000865455,0.000141671,0.000487905,0.000583319
0.00082333,0.000123288,0.00029919,0.000388949
0.00195738,0.000241751,0.000330307,0.000562359
0.00219118,0.000121265,0.000364888,0.000468718
0.00254956,0.000122584,0.000810252,0.00108309
0.00376503,0.000261724,0.000215237,0.000291124
0.000622544,0.000101386,0.000405191,0.000483493
0.000782547,0.000151105,0.000234015,0.000304934
0.00169317,0.000263482,0.000734276,0.000924361
0.000773016,0.000120295,0.000381976,0.000465995
0.00108657,0.000152581,0.00157943,0.00196286
0.00116084,0.000173984,0.000334044,0.000423076
0.00234443,0.000117653,0.000213805,0.000280253
0.000587907,0.000113475,0.000705416,0.000826315
0.00207073,0.000265724,0.000568256,0.000836649
0.000611778,0.000132272,0.000201172,0.000279402
0.000828243,0.00011849,0.000155659,0.000251997
0.000699776,0.000115432,0.000188828,0.000245602
0.000602081,0.000131886,0.00015869,0.000239178
0.000517928,0.000104621,0.000189874,0.000253517
0.000932956,0.000169003,0.000238303,0.000341871
0.000645936,0.000111899,0.000265892,0.000363403
0.000626722,0.00012695,0.000192848,0.000250963
0.00363575,0.000365892,0.000254984,0.000333035
0.000739608,0.00024866,0.000166147,0.000218279
0.000563305,7.759e-05,0.000195177,0.000273345
0.000567175,0.000102979,0.000798814,0.00130657
0.00372406,0.000325125,0.000216103,0.000281687
0.0133459,0.00011696,0.000307092,0.000391067
0.000510512,7.7245e-05,0.00110157,0.00120198
0.000591697,9.6039e-05,0.00201535,0.00275833
0.0031294,0.000367257,0.000312218,0.000390419
0.00173145,0.000182165,0.00161716,0.00177389
0.000962305,0.000112261,0.000439362,0.000770875
0.00454095,0.00051211,0.000674236,0.000931375
0.000538,0.000100317,0.000314207,0.000560361
0.00188612,0.000218203,0.00136326,0.00171936
0.000521389,8.523e-05,0.000864772,0.00136191
0.00180266,0.000262987,0.0008156,0.00125011
0.00203048,0.000249576,0.000148409,0.000198163
0.000574482,9.3678e-05,0.000176687,0.000302988
0.000573719,8.3691e-05,0.000215426,0.000302749
0.00069727,0.000102963,0.000161125,0.000222753
0.000667221,0.000123694,0.000265185,0.000357519
0.000605921,0.000136811,0.000171352,0.000268015
0.0014887,0.000246801,0.000270334,0.00035203
0.00166632,0.000118242,0.000229193,0.000313544
0.000642182,0.000115399,0.00047891,0.000605608
0.000671406,0.000110094,0.000315262,0.000381935
0.000529038,8.5388e-05,0.000277139,0.000325757
0.000560391,0.000125297,0.000417445,0.00050938
0.0013385,0.000235087,0.00144006,0.00186948
0.00128681,0.000256887,0.000264715,0.00032746
0.00255004,0.000148362,0.00379721,0.00393299
0.000794621,0.000131079,0.000300885,0.000374423
0.000591729,0.000132329,0.000303554,0.000379759
0.00177842,0.000197122,0.000304531,0.000394114
0.00336139,0.000270744,0.000660629,0.000936864
0.00226109,0.000529039,0.00168336,0.00227925
0.000615429,0.000123925,0.001319,0.00137873
0.000662549,0.000126582,0.000892889,0.00139379
0.000670596,0.000132617,0.000229409,0.000327269
0.000698503,0.000158377,0.000142136,0.000232966
0.000791901,0.000145398,0.0001743,0.000247292
0.000579392,0.000118188,0.000138353,0.000203137
0.000493717,9.5593e-05,0.000513107,0.000711907
0.000548363,0.000116876,0.000282993,0.000387829
0.0016405,0.000232942,0.000152216,0.000217999
0.00158229,0.000211915,0.00056411,0.0012801
0.00176181,0.000254417,0.00131529,0.00140135
0.000631961,0.000120581,0.00142002,0.00182114
0.000563318,0.000109744,0.000206147,0.000292886
0.00182039,0.000270911,0.000184983,0.000250285
0.000520009,0.000123817,0.000263773,0.000356826
0.000560641,0.00010589,0.000752911,0.00122816
0.00135537,9.5121e-05,0.000204574,0.000293954
0.000718203,0.000116337,0.00087688,0.00095843
0.00118417,0.000177853,0.000635629,0.000911732
0.00322814,0.000250389,0.00121362,0.00175965
0.000679693,0.000241717,0.000125967,0.000183011
0.00224965,0.000285045,0.000352114,0.000434948
0.000590502,9.5214e-05,0.000279436,0.0003704
0.000614446,9.2159e-05,0.000133874,0.000191781
0.00189745,0.000108156,0.000524179,0.000622003
0.000700668,0.000214534,0.000117221,0.000185517
0.00127255,0.000161021,0.000185657,0.000405966
0.00346545,0.000296982,0.000179083,0.000255161
0.000411693,8.3611e-05,0.000992025,0.00131281
0.000412325,9.3881e-05,0.00252976,0.00333699
0.000492614,9.9894e-05,8.8056e-05,0.000130638
0.000967004,0.000278754,0.000911024,0.00140404
0.000459379,7.7658e-05,0.000179476,0.000311962
0.00207609,0.000222497,9.7583e-05,0.000157578
0.00179594,0.000234619,0.000911756,0.00191998
0.0019153,0.000384784,0.000375943,0.00066774
0.000615634,0.000136113,0.000761093,0.00120696
0.000728519,9.7266e-05,0.000205843,0.000292771
0.000572069,0.000106033,0.000123004,0.000315937
0.000475372,0.000117406,0.000253943,0.000329604
0.000784465,0.000142398,0.000111199,0.000171258
0.00400396,0.000261678,0.000163068,0.000256716
0.000617197,0.000139091,0.000152292,0.000260488
0.000440565,9.959e-05,9.3712e-05,0.000170391
0.000710644,0.000118251,0.000332862,0.000426273
0.000655356,0.00014103,8.0731e-05,0.000148233
0.000703925,0.00013585,0.000131248,0.000214889
0.000564079,0.000101344,0.000195076,0.000373351
0.00320388,0.00159718,0.000105758,0.0001599
0.000716394,0.000113289,0.000171882,0.000355924
0.001638,0.000127328,0.000551785,0.000801135
0.000794273,0.000130643,0.00126288,0.00222308
0.000652509,0.000101642,0.000140632,0.000229097
0.000606232,8.2084e-05,9.3393e-05,0.000146436
0.000591346,0.000140346,0.000674466,0.00109361
0.00133129,0.000159165,9.6022e-05,0.000164739
0.000571232,9.9254e-05,0.000203711,0.000444461
0.000729701,0.000131324,0.000772502,0.000940605
0.000691724,0.000131602,0.000137957,0.000227447
0.000484919,8.8717e-05,0.00017481,0.000264548
0.000581666,0.000103944,0.000155638,0.000224681
0.000547108,0.000122785,0.000187382,0.000264223
0.00074696,0.000144214,0.000167215,0.000280698
0.00108924,0.000184635,0.000147321,0.000209903
0.000852083,0.000365751,0.000583665,0.000978771
0.0012819,0.000150236,0.000140555,0.000198561
0.00278974,0.000131704,0.000200635,0.000316322
0.00120488,0.000134163,0.000143149,0.000220934
0.000677078,0.000130471,0.000162256,0.000212215
0.00203299,0.000214819,0.000151557,0.000216735
0.000971243,0.000106969,0.000129216,0.000190868
0.000685606,0.000116046,0.000195963,0.000292988
0.00094135,0.000135098,0.000306704,0.000748231
0.00130916,0.000204166,0.00018638,0.000254473
0.000771699,0.000106834,0.000184829,0.000264367
0.00167647,0.000255698,0.000155567,0.000218088
0.00365647,0.000322728,0.000148377,0.000234275
0.000686175,9.2516e-05,0.000318837,0.000444708
0.000627626,9.0041e-05,0.000184898,0.000334844
0.00108923,0.000205558,0.000225565,0.000305704
0.00177486,0.00016575,0.000113995,0.000171413
0.00348963,0.000248576,0.00121478,0.0017271
0.000511103,8.7056e-05,0.000262944,0.000372375
0.00223803,0.000234663,0.000155009,0.000212108
0.000623197,0.00010058,0.000230962,0.000315474
0.000834153,0.0001614,0.000440359,0.000769699
0.000870466,0.000252297,0.0014858,0.00172891
0.00219479,0.00020786,0.000266727,0.000547765
0.000569856,9.2986e-05,0.00037716,0.000630771
0.000586644,8.8354e-05,0.000255083,0.000354244
0.00118839,0.000267618,0.000133864,0.000183688
0.000491884,0.000115802,0.000941199,0.00139326
0.000495184,8.9111e-05,0.000195927,0.000279838
0.000665558,0.000132201,0.000114964,0.000182004
0.000777013,0.000138712,0.000746097,0.00157836
0.0007509,0.000158607,0.000153035,0.000207474
0.000570487,0.00011268,0.000151467,0.000238973
0.000931521,0.00012205,0.000304469,0.000445749
0.00084928,0.000359055,0.000136931,0.000203906
0.000702088,0.000142042,0.000169756,0.00026597
0.00122718,0.000151517,0.000154687,0.000252191
0.000619549,0.000170421,0.000234391,0.000323188
0.000586005,0.000113512,0.000159637,0.00025521
0.000555772,0.00012327,0.000138107,0.000192084
0.00053557,0.000110803,0.000227261,0.000309923
0.000421617,8.5307e-05,0.000536822,0.000900557
0.00170979,0.000266262,0.000224989,0.00033347
0.000657184,0.000134294,0.00155438,0.00216836
0.00319573,0.000288041,0.000123568,0.000181198
0.000932086,0.000240836,0.000692038,0.00111654
0.000471001,9.3262e-05,0.00017463,0.000415161
0.00381029,0.000314139,0.0020996,0.00258775
0.00063625,0.000105464,0.000187881,0.000282042
0.000621003,0.000121128,9.5935e-05,0.000139746
0.000954946,0.000229284,0.000179153,0.000267459
0.000666502,0.000108569,0.000148675,0.000222363
0.00178702,0.000189856,0.000358185,0.000481469
0.0010189,0.000185413,0.000887503,0.000984276
0.000631842,0.00012707,0.000353595,0.000435145
0.00102071,0.000104439,0.000517991,0.000601579
0.00059902,8.0627e-05,0.000180409,0.000220227
0.00196651,0.000346314,0.000746615,0.000967798
0.00347656,0.000208911,0.00358037,0.00416383
0.00378851,0.000313782,0.00175621,0.00183523
0.000765205,0.000131274,0.00125192,0.00172003
0.000516475,9.0732e-05,0.000192262,0.000581961
0.000744874,0.000118567,0.00134915,0.00181404
0.00342662,0.000143421,0.000739949,0.00120778
0.000414255,8.4992e-05,0.0010191,0.00199767
0.000725259,0.0001244,0.000205007,0.00062255
0.00310326,0.000119002,0.000105315,0.000164578
0.00128549,0.000213872,0.000271381,0.000694217
0.000436479,9.9098e-05,0.000229887,0.00031585
0.000549512,0.000143745,0.000145602,0.000206182
0.000661551,0.000140688,0.000439347,0.000552552
0.000575224,0.000108447,0.000115218,0.000174236
0.0013752,0.000213994,0.000233411,0.000532212
0.00056314,0.000117682,0.000243251,0.000328006
0.00042374,0.00011842,0.000179045,0.000242542
0.0004457,0.000151247,0.000544321,0.000901604
0.000543504,0.000128661,0.000127893,0.000194363
0.00053745,0.000125699,0.00025838,0.000360335
0.000503036,0.000124306,0.000119401,0.000196908
0.000364974,8.6292e-05,0.000135729,0.000200168
0.00149012,0.000121799,0.000875151,0.00219386
0.000678723,0.000174941,7.9661e-05,0.000120777
0.000376172,8.6038e-05,0.00178534,0.00416576
0.00174377,0.000207227,0.00021741,0.000298072
0.000536456,8.3134e-05,0.000429746,0.000705818
0.000608299,0.000144388,0.000661864,0.00112659
0.000495006,0.000114464,0.000100296,0.000151075
0.00269697,0.000260735,0.00239461,0.00280793
0.000892574,0.000143595,0.000105645,0.000186704
0.000454755,0.000116883,0.000138947,0.000203743
0.00125895,0.00019918,0.000141344,0.000221178
0.00049435,8.7068e-05,9.2553e-05,0.000134
0.00056617,0.000139564,0.00015397,0.000243271
0.00218391,0.000155661,0.0002432,0.000394849
0.00138949,0.000161674,0.000281971,0.00038021
0.00202524,0.000237624,0.000179353,0.000256204
0.000853841,0.000118498,0.00019693,0.000273076
0.000978463,0.000123376,0.000488664,0.000604502
0.000605083,0.000138206,0.00204703,0.00246951
0.000996803,0.000223777,0.000203323,0.000274956
0.00145587,0.000193654,0.00202999,0.00250863
0.000478439,8.2362e-05,0.000210693,0.000287172
0.000615393,0.000112888,0.000196695,0.000276168
0.000972747,8.7242e-05,0.000280479,0.000422236
0.00067268,0.000129411,0.000162444,0.00024943
0.000449409,7.8005e-05,0.000805848,0.00160716
0.0023458,0.00113397,0.000171024,0.000227628
0.000695546,0.000120889,0.000338851,0.000495235
0.00114786,0.000113558,0.000178301,0.000266007
0.000608067,0.000133934,0.000397195,0.000519517
0.00105903,0.000130465,0.000255127,0.000348675
0.000836943,0.000130111,0.0001401,0.00018792
0.000753951,0.000105536,0.000226733,0.000349141
0.00049296,9.5189e-05,0.000307383,0.000688059
0.00290345,0.000635337,0.000114629,0.000163258
0.00104725,0.000150853,0.0001616,0.000252394
0.000690383,0.000128479,0.000711333,0.00111075
0.00201101,0.000226783,0.000719127,0.000955551
0.00173524,0.000188168,0.00073304,0.000826566
0.000488462,0.000108373,0.000478367,0.000758412
0.00051862,0.000159373,0.000248849,0.000356626
0.002541,0.000250578,0.000131752,0.000186713
0.000577404,0.0001163,0.000345983,0.000431043
0.000771125,0.000130601,0.000233494,0.000317774
0.000608924,0.000121274,0.000221062,0.00028901
0.00277185,0.000247487,0.000193706,0.00028175
0.000434124,0.000138138,0.000175955,0.000231198
0.000492923,9.0578e-05,0.00155751,0.00300366
0.000515486,9.9855e-05,0.000210373,0.000311116
0.000818596,0.000110983,8.8266e-05,0.00013634
0.000606639,0.000102958,0.000170636,0.000247615
0.000747665,0.000127354,0.000577073,0.000822136
0.000566598,9.5396e-05,0.00119692,0.00171438
0.00191312,0.00023842,0.00120151,0.00173674
0.0034823,0.00029821,0.000444555,0.000683293
0.00352658,0.000305901,0.0005589,0.00100891
0.000539685,0.000141726,0.000445706,0.000509943
0.000472325,8.6511e-05,0.000577738,0.000925899
0.00347476,0.000444561,0.0019055,0.00228074
0.000832685,0.000153047,0.000233306,0.000335795
0.000959106,0.00011678,0.00132271,0.00177391
0.00199681,0.000338275,0.000693204,0.00093603
0.00162834,0.000230264,0.000471903,0.000658954
0.000606032,0.00011861,0.000235041,0.000328498
0.00360052,0.000396191,0.000155936,0.00033135
0.00149795,0.00020308,0.00147358,0.002025
0.00148159,0.000170255,0.000881961,0.00119646
0.000464591,9.0621e-05,0.000484206,0.000814554
0.000639731,9.8073e-05,0.00026131,0.000493213
0.000680397,0.000348105,0.000124954,0.000186039
0.000658303,0.000140445,0.000970997,0.00148041
0.000972217,0.00010409,0.000129929,0.000189986
0.000567923,0.000188866,0.000203533,0.000288056
0.00101739,0.000148151,0.000345546,0.000507169
0.00216823,0.00023962,0.000110848,0.000164078
0.00918573,0.000414191,0.000276691,0.00037629
0.000550944,7.6977e-05,0.000507403,0.000782662
0.00223798,0.000104537,0.00105173,0.00147889
0.00065815,0.000113084,0.000189013,0.000281512
0.000576665,0.00013386,0.000147927,0.00020726
0.000656387,9.9538e-05,0.000292543,0.000399667
0.00160592,0.000120218,0.000125973,0.000173102
0.00293986,0.000305988,0.00156751,0.00196192
0.00126813,9.1541e-05,0.000208549,0.00041633
0.000557617,0.000107353,0.000443804,0.000678495
0.00393789,0.00028725,0.000180916,0.000279848
0.000558586,0.000113469,6.7782e-05,0.000114481
0.000773091,0.000124829,0.00141863,0.00237796
0.000536188,0.000116008,0.000452468,0.000860904
0.00161367,0.000227343,8.9281e-05,0.000140389
0.000486772,0.000141809,0.000992417,0.00150779
0.000493877,0.000133263,0.000258766,0.000529471
0.000520296,0.000132556,0.000310205,0.00043502
0.000348687,8.1371e-05,0.000165012,0.000279687
0.000467673,0.000152491,0.000104099,0.000162001
0.000573606,0.000123815,0.000132321,0.0002065
0.000328124,8.811e-05,9.7252e-05,0.000144887
0.000380315,0.000113283,0.000149471,0.000222213
0.000434152,0.000116849,0.000464672,0.000647057
0.000305059,7.9992e-05,0.000117666,0.000169808
0.000355742,9.0551e-05,0.0002024,0.000306251
0.000517458,0.000153481,7.8604e-05,0.000119247
0.000497216,0.000132285,0.000209672,0.00040371
0.00309538,0.000370455,0.000800671,0.00119125
0.00130013,0.000219094,0.000348773,0.000530002
0.000419492,0.000100047,0.00157317,0.00233153
0.000524826,0.000135834,0.000362027,0.000616424
0.00146257,0.000234569,0.000172509,0.000283067
0.000354293,0.000100983,0.000190684,0.000364149
0.000557367,0.000146193,8.2442e-05,0.000138141
0.000491464,0.000145056,0.000153383,0.000261962
0.00132126,0.000230246,0.000139111,0.000215162
0.000555059,0.000130018,0.000109733,0.000191981
0.000411806,0.000125766,0.000161621,0.000279147
0.000618689,0.000126505,9.4425e-05,0.000147841
0.000700808,0.000141501,0.000135761,0.000225315
0.000582205,0.000120289,0.000129256,0.000232049
0.000673426,0.000141955,0.000134065,0.000213287
0.000509724,0.000473019,0.000213369,0.000361816
0.00138574,0.000148923,0.000101898,0.000158605
0.000522585,9.3844e-05,0.000143189,0.000294325
0.000568919,0.000117528,0.000723207,0.00104071
0.000519591,0.000110426,0.00018358,0.000275633
0.00202944,0.000145819,0.00015029,0.000238256
0.000571622,0.000120874,0.00020666,0.000331967
0.00137853,0.000160702,0.00014073,0.000226682
0.000520174,7.6871e-05,0.000118208,0.000168107
0.000641377,0.000115438,0.000166543,0.000266458
0.000549031,8.5679e-05,0.000170514,0.000275488
0.000599802,0.000129495,8.1743e-05,0.000135773
0.000500405,8.7085e-05,0.000191532,0.000376446
0.000694539,9.4996e-05,8.6386e-05,0.000138333
0.000734343,0.000103901,0.000205391,0.000325431
0.000481901,0.000118403,0.000177456,0.000268878
0.000461137,7.4217e-05,8.0147e-05,0.000125487
0.000612733,0.000151609,0.000573231,0.000667362
0.00130995,0.000137359,9.2681e-05,0.00017115
0.00189626,0.000327695,0.00014004,0.000221927
0.00190252,0.000152149,0.000170026,0.000263049
0.000831014,0.000100036,0.000560625,0.000807272
0.00056247,0.000142288,0.000213632,0.000298793
0.000560927,0.000131427,0.000141545,0.000216854
0.000668894,0.000143423,0.000212294,0.000310705
0.000618878,0.000323935,0.000220839,0.000329383
0.00334747,0.000300474,0.000116416,0.000166143
0.000536622,0.000107617,0.000640009,0.000741
0.000508888,0.000121894,0.000850439,0.00111124
0.000519213,0.00016301,0.000215032,0.000295228
0.00120389,0.000268626,0.000190896,0.000290042
0.00119573,0.000256765,0.000184341,0.000253098
0.00210094,0.000251286,0.00122763,0.00142674
0.00250115,0.000345494,0.000369006,0.000602242
0.00166864,0.000227321,0.000636011,0.00111248
0.000658801,0.0001294,0.000247668,0.000347566
0.00107876,0.000126997,0.00125755,0.00178283
0.00119514,0.00016658,0.000231967,0.000321609
0.00117794,0.000114929,0.00138293,0.00174577
0.00073976,0.000115412,0.000240962,0.000345023
0.000913938,0.000123203,0.000179276,0.000286585
0.000619179,0.000104014,0.00016167,0.000234102
0.000735538,0.000142384,0.000126955,0.000230317
0.000556572,8.7811e-05,0.00010049,0.000156807
0.00122927,0.00012198,0.000573608,0.00067085
0.00183716,0.000291469,0.000881432,0.00120308
0.0017392,0.000231389,0.000387509,0.000662614
0.00186848,0.000343194,0.000365689,0.000735829
0.000548412,0.000132046,0.000371797,0.000821977
0.00046771,0.000143891,0.00113686,0.00162537
0.000916055,0.000349212,0.000693757,0.00115129
0.00479079,0.000423053,0.000117553,0.000169029
0.000437815,0.000103639,0.00129111,0.00170387
0.000699869,0.000215332,0.000373759,0.000455756
0.000387151,0.000105148,0.00119444,0.00169134
0.00164587,0.000339743,0.000296377,0.000408248
0.000621149,0.000162055,0.000150511,0.000333734
0.00130273,0.000256813,0.00047167,0.000832019
0.000478229,0.000114725,0.000157745,0.000247177
0.00045097,0.000113203,0.000381429,0.000786376
0.000400465,9.9946e-05,0.000970427,0.00172306
0.00323394,0.000351165,7.6975e-05,0.000147661
0.000615793,0.000116269,0.000184754,0.000274713
0.000550052,0.000150214,0.000459094,0.00109167
0.000518574,9.1058e-05,0.00109813,0.00168219
0.00123102,0.000214167,0.000189911,0.000319004
0.00031203,8.0686e-05,0.000132379,0.000200584
0.00266401,0.000121621,0.000150624,0.000240342
0.000406764,0.000133873,6.9142e-05,0.000110528
0.000500209,0.000126439,0.000142982,0.0002367
0.000319072,7.4689e-05,0.00013986,0.000359586
0.000394074,0.000132879,7.8684e-05,0.000139367
0.00176555,9.569e-05,0.000163337,0.000474924
0.000436062,0.000158383,0.000107126,0.000169798
0.00356486,0.000514089,0.000911172,0.00316935
0.00120459,0.000359681,0.0012051,0.00169538
0.00217351,0.000311379,0.000154148,0.000238794
0.00114977,0.000208273,0.00017276,0.000261048
0.000502115,0.0001446,0.000417157,0.000477625
0.000683666,0.000110429,0.000837556,0.0013007
0.000409873,0.00012612,0.000767584,0.00112462
0.00117997,0.000254682,0.00012412,0.00018844
0.000470343,9.0576e-05,0.000489278,0.00123383
0.000329178,8.9441e-05,0.000380669,0.000638551
0.000411625,0.000142207,0.000150663,0.000295796
0.000374564,0.000131965,0.00046982,0.000923188
0.00103212,0.000232207,0.000111792,0.000257577
0.000410088,0.000147471,0.000133859,0.00021573
0.000433379,0.000134685,0.000299796,0.00055511
0.000449363,0.000147426,0.000136073,0.000228252
0.000521758,0.000174794,0.000142271,0.000271869
0.00117491,0.000165085,0.000162317,0.000257551
0.000309011,8.6625e-05,0.000150082,0.000234504
0.000284854,8.4001e-05,0.000205285,0.000269297
0.00128914,0.000227929,0.00015015,0.000248789
0.000432389,0.0001388,0.000233937,0.000403675
0.000431544,0.000116848,0.000184394,0.000424305
0.000911536,0.000161298,0.000212298,0.000316217
0.000740114,0.000190826,7.475e-05,0.000148804
0.000707569,0.000166614,0.000111083,0.000191237
0.000383066,0.000103489,0.000808136,0.00166093
0.000589527,0.000295201,7.5801e-05,0.000135197
0.000906366,0.000289916,0.00136463,0.00180769
0.000878903,0.000112644,7.3955e-05,0.000128316
0.000555631,8.0294e-05,0.000282943,0.000415873
0.000548536,0.000109757,0.000508535,0.000625365
0.000822991,0.000100824,0.000133166,0.000193128
0.00263839,0.000150766,0.000112377,0.000192253
0.000408105,0.000121087,0.000205592,0.000360032
0.00109447,0.000115514,0.000164533,0.00025771
0.0013056,0.000188346,0.000550502,0.00100611
0.00156068,0.00032357,0.000365271,0.000652424
0.00254625,0.000187917,0.000590527,0.00101083
0.000427811,0.000120578,0.000187135,0.000271669
0.000496429,0.00010605,0.000654758,0.00105337
0.00367985,0.000273728,0.000499082,0.000931763
0.000404556,8.4088e-05,0.000674094,0.00113861
0.000704628,0.000174204,0.000185458,0.000286274
0.000502567,0.000124157,8.2643e-05,0.000155693
0.000635329,0.000120916,0.000129574,0.000209925
0.00249089,0.000114991,0.00117386,0.0016298
0.00101048,0.00024971,0.0007918,0.00118154
0.00095318,0.000178498,0.000101516,0.000184007
0.000444594,0.000137501,8.7499e-05,0.000136194
0.000394741,9.0683e-05,0.000410259,0.000527776
0.00172868,0.000290199,0.000129161,0.000217008
0.00317018,0.000369154,0.000135461,0.00258546
0.00132128,0.000199534,0.000177373,0.000307329
0.00144192,0.000241771,0.000443601,0.00071414
0.000571341,0.000138724,0.000468549,0.000880129
0.00412795,0.000307578,0.000527717,0.00109624
0.00133388,0.000212001,0.000623431,0.000977508
0.00265731,0.000305065,0.000635353,0.00115524
0.000456661,0.000101647,0.000290255,0.000540145
0.000418579,0.000104741,0.000800197,0.00120624
0.000455786,0.000122068,0.000190199,0.000282894
0.0039636,0.000487689,9.3839e-05,0.000155495
0.000546794,0.000129936,0.00135739,0.00204528
0.00140743,0.000230799,0.000237776,0.000330082
0.00167427,0.000211479,0.00158025,0.00229795
0.000583204,0.000144861,0.000175087,0.000297885
0.000593539,0.000227671,7.1759e-05,0.000113593
0.00140888,0.000197573,0.000226561,0.000332095
0.000748665,0.000129844,0.000102216,0.000151871
0.000820227,0.00012366,0.000980622,0.00143733
0.00361568,0.000371169,0.000397968,0.000854885
0.0027133,0.000228696,0.00063252,0.00111597
0.00120698,0.000198206,7.8263e-05,0.000155671
0.000525059,0.00012275,0.000399985,0.000743706
0.00066775,0.000259795,0.000925558,0.00139341
0.000702789,0.00012268,0.000359928,0.000698717
0.000519642,0.000113892,0.000203095,0.000397849
0.000613086,0.000143292,0.00012816,0.000214239
0.00147461,0.000255777,6.7125e-05,0.00012338
0.000591395,0.000243157,9.4448e-05,0.000177737
0.00452025,0.000589382,0.000153391,0.000254719
0.00134788,0.000242443,0.00296844,0.00365757
0.000480642,0.000122534,0.00243439,0.00324004
0.000541077,0.000135976,0.000285113,0.000526705
0.000435558,0.000111521,0.000176353,0.000305712
0.00044812,0.000113507,0.000125341,0.000220847
0.000878431,0.000276745,8.1059e-05,0.000130036
0.000471026,0.000121929,0.000522189,0.000990255
0.000343944,0.000224138,0.000249053,0.000488047
0.00111622,0.000217464,0.0007384,0.000961867
0.000402848,0.000141662,0.000189594,0.000320596
0.000330992,8.1133e-05,0.000104431,0.000174041
0.000400603,8.2771e-05,0.000172952,0.000266517
0.000561265,0.000140269,7.3828e-05,0.000127627
0.000396414,9.6059e-05,0.000158741,0.000411598
0.00198215,0.000111497,0.000113171,0.000193124
0.000660923,0.000238795,0.000106669,0.0001844
0.000531261,0.000129279,0.00151137,0.00253785
0.000492351,0.000129613,0.000169562,0.000249676
0.00111973,0.000189095,0.000125267,0.000212973
0.000443961,0.000115842,0.000139646,0.000235815
0.000422363,0.000114956,0.000102581,0.000171285
0.000393258,0.000114461,0.000123851,0.000221558
0.000443394,0.000129652,9.066e-05,0.000142809
0.00143578,0.000241879,0.000149162,0.000252404
0.00124712,0.000130781,0.000153773,0.000252063
0.000428233,0.000111967,0.000609006,0.00085947
0.000635587,0.000217056,0.000114018,0.000194075
0.000432337,0.000126813,9.1793e-05,0.000143214
0.000410177,0.000146099,9.2999e-05,0.000186667
0.000511817,0.000130151,0.00013562,0.00024018
0.000500722,0.000116024,9.4352e-05,0.000146412
0.000620084,0.000150692,0.000143623,0.000369915
0.000618853,0.000154491,0.000131368,0.000212879
0.00119954,0.000421776,0.000129589,0.000211051
0.000422659,0.000111732,0.000135643,0.000228006
0.000600415,0.000128825,0.000102567,0.000151195
0.000379868,7.9765e-05,0.000131538,0.000217545
0.000374617,9.633e-05,0.000145088,0.000256569
0.000420212,0.000112237,0.000118325,0.000220869
0.000390065,0.000102995,0.000133106,0.000216882
0.000775204,0.000209716,7.9578e-05,0.00016176
0.000412136,0.000117262,0.000848543,0.00139665
0.000448186,9.3469e-05,0.000131278,0.000196047
0.000396234,0.000143269,0.000182328,0.000295366
0.00325081,0.00119164,0.00441211,0.00476973
0.00125915,0.000247742,0.000549291,0.00079939
0.000352315,8.3715e-05,0.000608329,0.000962098
0.00121627,0.000235944,0.000278033,0.000543899
0.000369048,0.000110864,0.00076655,0.00093478
0.000376837,0.000103351,0.000143345,0.000244079
0.000825865,0.000227975,7.9387e-05,0.000142748
0.000493419,0.000142017,0.00036409,0.000587609
0.00108987,0.000119063,0.000115818,0.000197007
0.00178923,0.000280772,0.000984995,0.00147596
0.000637809,0.000405362,0.000168157,0.000259184
0.000483717,0.00012291,0.000136887,0.000233052
0.00053271,0.000137299,0.000150127,0.000231402
0.000368064,9.8634e-05,9.9316e-05,0.000161322
0.000323182,0.000162879,0.000162977,0.000249018
0.00040976,0.000104645,0.000158124,0.000260107
0.000475213,0.00010325,7.6587e-05,0.000141806
0.000423145,8.9169e-05,0.000207863,0.000326617
0.00151186,0.000155335,9.5297e-05,0.000149447
0.00105854,0.000223008,0.000622934,0.000915044
0.00037734,0.000100956,0.000431497,0.000840544
0.0041825,0.000361779,7.1831e-05,0.000129949
0.000395344,0.000115038,0.00103452,0.00151023
0.000427801,9.4874e-05,0.000507087,0.00069887
0.000557504,0.000140985,0.000127886,0.000199824
0.00142775,0.000126373,0.000153774,0.000254244
0.000925906,8.308e-05,0.000539785,0.000834957
0.000427141,8.4978e-05,0.000116733,0.00020424
0.000498134,9.4102e-05,0.000177015,0.000294859
0.000518295,0.0002035,0.000223672,0.000329476
0.000565866,0.000146416,0.000225038,0.000375985
0.000623638,0.000116893,0.000127513,0.000201778
0.000552564,0.000127194,0.000139439,0.000219818
0.000432575,0.000345886,0.00011639,0.000167943
0.000597181,0.000135015,0.000132242,0.000233778
0.000636547,0.000137814,0.000128184,0.000213899
0.000477309,0.00011107,0.000145035,0.000236063
0.00135952,0.000188796,0.000369501,0.000832283
0.000490357,0.000116425,0.00011151,0.000392151
0.000550704,0.000111035,0.000136039,0.000225522
0.00152511,0.000174374,0.00103077,0.00159223
0.000345745,9.771e-05,0.000339137,0.000660835
0.00108396,0.000257332,0.000510973,0.00114397
0.00071552,0.000116289,8.0381e-05,0.000152606
0.000513682,0.000117351,0.000131142,0.000222165
0.00109604,0.000256498,9.3329e-05,0.000176929
0.000443696,0.000113965,0.000131088,0.000195664
0.000543827,0.000125886,0.000107389,0.000181011
0.000632812,0.000102482,7.8088e-05,0.000123676
0.000545181,0.00016933,0.000125148,0.000200838
0.000419751,0.000102362,0.000119608,0.000226893
0.000687168,0.000149049,6.5604e-05,0.000110676
0.000584251,0.000122304,0.000104321,0.000242204
0.00492605,0.00033669,0.000133415,0.000206105
0.000513211,0.000118024,0.000125142,0.000219042
0.000489832,0.000119913,0.000179799,0.000263295
0.000496301,0.000119517,0.000105879,0.000155324
0.000381387,0.000107832,0.0001385,0.000233182
0.00046578,7.7076e-05,0.000109212,0.000191808
0.000392984,9.8553e-05,0.00032849,0.000432201
0.000574854,0.000138944,0.000137715,0.000242221
0.000395827,0.00012585,0.000130562,0.000198882
0.000398312,7.6898e-05,0.0001244,0.00020221
0.000482113,0.000109886,8.1148e-05,0.000161436
0.000560165,0.000130905,0.000127043,0.000238173
0.000516223,0.000116207,0.000147376,0.000238792
0.000465453,7.7133e-05,7.7112e-05,0.000131232
0.000549473,0.000118997,0.000358608,0.000685415
0.000909388,0.000147666,6.854e-05,0.000111231
0.000896225,9.3275e-05,0.000160608,0.000252838
0.00185924,0.000109764,0.000206788,0.000629396
0.000721508,0.000132717,9.7547e-05,0.000148731
0.00527416,0.000255591,0.000182932,0.00031567
0.000781467,0.000120626,0.000131562,0.000176778
0.000668707,0.00011374,0.000172687,0.000255153
0.000517441,8.4624e-05,0.000267642,0.000501073
0.000518312,0.000100643,0.000111349,0.000156454
0.000741565,0.000137687,0.000836323,0.00127528
0.000927489,0.000262565,0.000107386,0.000156795
0.000638774,9.7806e-05,0.000212525,0.000298862
0.000541322,0.000113763,0.000201385,0.00028504
0.000499732,8.3927e-05,0.000121111,0.000182964
0.000479649,0.000100692,0.000199304,0.000296948
0.00104886,0.00012576,0.000111903,0.000169216
0.00379195,0.000400793,0.000232752,0.000318503
0.00197453,0.000136205,0.00017296,0.000250685
0.000601029,0.000118695,0.000168862,0.000231197
0.000643587,0.000136545,0.000258699,0.000467233
0.000690901,0.000116989,0.000131499,0.000194477
0.000514637,0.000134168,0.000197753,0.000281396
0.000579961,0.000100124,0.000182168,0.00037566
0.000788475,0.000134407,0.000103512,0.000155534
0.000652916,0.000118324,0.000225858,0.000306577
0.000795172,0.000144053,0.000175734,0.000252871
0.000651743,0.000120618,0.000209335,0.000288942
0.000579659,0.000118227,0.000811392,0.00135967
0.000635657,0.000122507,0.000147951,0.00020142
0.00059762,0.000122033,0.00136028,0.00187057
0.00124408,0.000207733,0.000168613,0.000262871
0.000566388,0.000130475,0.000796133,0.00094023
0.00062338,0.000151056,0.000328943,0.000427317
0.000569246,0.000166366,0.000131307,0.000216202
0.00183717,0.000276447,0.000189618,0.000344003
0.00149161,0.000132932,0.000124858,0.000179929
0.0013391,0.000129129,0.00142151,0.00308497
0.00180236,0.000431876,0.000939668,0.00141436
0.00452632,0.000207349,0.000120883,0.000169304
0.000779057,0.000128073,0.000155486,0.000258061
0.000515413,0.000108416,0.000657394,0.000952203
0.00163349,0.000288998,0.000199534,0.00028543
0.00158211,0.000273021,0.000180493,0.00026479
0.000497944,0.000111123,0.000441961,0.000688165
0.000775074,0.000239503,0.00015571,0.000240014
0.000563991,0.000120237,0.000167871,0.000229114
0.000598885,0.00013012,0.000215672,0.000315519
0.000769284,0.00017586,0.000283284,0.000382428
0.00268894,0.000115054,0.000273578,0.000366433
0.000524142,0.000112377,0.000474716,0.000604295
0.00163216,0.00022311,0.000536232,0.000853244
0.000479673,0.00010894,0.000725099,0.00113888
0.000580254,0.000109987,0.000434575,0.00071973
0.000518954,0.000126951,0.000174178,0.000286942
0.000651222,0.000130761,0.000156558,0.00024111
0.000692134,0.000140135,0.000119362,0.000179642
0.0005722,0.000121713,0.00015965,0.000235725
0.000584525,0.000125324,0.00161374,0.002294
0.000464626,0.000111632,0.000177549,0.000241485
0.000520528,7.8649e-05,0.000267692,0.000395963
0.000706005,0.000136007,8.9035e-05,0.000138324
0.00540123,0.000230159,0.000171471,0.000262471
0.000559878,9.182e-05,0.00116697,0.00166144
0.00157427,0.000253464,0.000107918,0.000178851
0.00217151,0.000297445,0.00125396,0.00179233
0.000883397,0.000193967,0.000429526,0.000616916
0.000834835,0.000170713,0.000666266,0.00086737
0.0023703,0.000255766,0.00148968,0.00192193
0.00279222,0.000448152,0.000135734,0.000187894
0.00100138,0.000188926,0.000790023,0.00124312
0.000612258,0.000125998,0.000146094,0.000212239
0.00053752,9.8416e-05,0.000544516,0.00109151
0.000453487,9.7544e-05,0.00037032,0.000612029
0.000532434,0.000110456,9.3542e-05,0.000165597
0.000418009,7.9309e-05,0.000171684,0.000252459
0.000593505,0.000132706,0.000139774,0.000213576
0.00042731,7.7357e-05,0.000232622,0.000377905
0.00552671,0.000319002,0.00152739,0.00201949
0.000545708,0.000259954,0.000319657,0.000443538
0.000550169,0.000133185,0.000192769,0.000306755
0.000433821,8.6028e-05,0.000144066,0.000391956
0.000988053,0.000169246,0.000177612,0.000269636
0.00199223,9.9794e-05,0.000627861,0.00102445
0.000501556,0.000181106,0.000113645,0.000169333
0.00120084,0.000144639,0.000486387,0.000844414
0.000829096,0.00014847,0.000125823,0.00018506
0.00199021,9.295e-05,0.000125113,0.000209199
0.00148969,0.00011857,0.000175543,0.00025748
0.000798864,0.000116928,0.000260963,0.000385681
0.000461815,0.000116161,0.000356943,0.000517122
0.00160857,0.000227244,0.00070747,0.00160178
0.000605914,0.00036265,0.000188476,0.000273077
0.000722645,0.000141435,0.000271624,0.000461796
0.00071393,0.00013102,0.000202618,0.000260888
0.000493022,0.000197616,0.000156086,0.0004717
0.000583418,0.000107356,0.00016214,0.000218743
0.00128212,0.000118636,0.000267722,0.000416831
0.00061117,8.3669e-05,0.000221807,0.000330525
0.000598219,8.763e-05,0.000126473,0.00018872
0.000677865,0.00012363,0.000172603,0.000270716
0.00199459,0.000261215,9.5907e-05,0.000143339
0.0011626,0.000112235,0.00021242,0.0003263
0.00174084,0.000199486,0.000342513,0.000926785
0.00199764,0.000352449,0.000378291,0.000662077
0.000793302,0.000140295,0.000179822,0.000318669
0.000958169,0.000132887,0.000130546,0.00019262
0.00100633,0.000303953,0.000144294,0.000238394
0.00290138,0.000383167,0.000813866,0.000928646
0.00219733,0.000350408,0.000756476,0.0011883
0.00116419,0.00021049,0.000496343,0.000875347
0.000856575,0.000186019,0.000115714,0.000183106
0.00048215,0.000129846,0.000399589,0.000886785
0.000505218,0.000141067,0.000201777,0.000333851
0.00055849,0.000113701,6.9202e-05,0.000128775
0.000602567,0.000116931,0.000169236,0.000256665
0.000522643,0.000117,0.000103897,0.000178231
0.000474309,8.9131e-05,0.000159577,0.000238503
0.000550579,0.000135034,0.000177095,0.000265033
0.000519758,0.00010951,0.000121183,0.000174847
0.000479885,0.000133471,0.000157393,0.000322576
0.00187981,0.000182864,0.000111188,0.00016994
0.000515099,0.000118138,0.000458723,0.000866957
0.000564522,0.00013668,0.000138551,0.000221911
0.00307471,0.000394614,0.000135764,0.00019311
0.00237986,0.000305069,0.000735668,0.00114514
0.000470997,8.3589e-05,0.000628392,0.000889908
0.000566787,9.3888e-05,0.000517879,0.00092428
0.00244943,0.00021676,0.000128739,0.000220127
0.00162659,0.000286085,0.000404747,0.000659953
0.00108284,0.000229317,0.000965359,0.0019857
0.000543763,0.000111527,0.000102576,0.000153601
0.00057235,0.000145931,0.00016804,0.000256281
0.00144206,0.000121167,0.000456559,0.000916112
0.00304493,0.000230695,0.000514125,0.000696008
0.00200785,0.000259271,0.000168975,0.000272518
0.00381228,0.000336952,0.00064818,0.000992612
0.000480553,8.0053e-05,0.000142441,0.000269323
0.000731204,0.000132483,0.000212104,0.000300277
0.000679595,0.000137293,0.000157237,0.00021734
0.000631127,9.5042e-05,0.000226082,0.000315775
0.000988533,0.000126755,0.00014465,0.000199001
0.00111376,0.00011624,0.000216931,0.000401009
0.000718973,0.000119156,0.000280147,0.000380789
0.000537406,0.000140296,0.000305762,0.00041078
0.000827622,0.000128644,0.000158239,0.000239688
0.00445029,0.000245743,0.00012876,0.000288868
0.00234537,0.00055025,0.000821742,0.00125114
0.00153966,0.00104054,0.00186558,0.00196666
0.000736085,0.0001138,0.000192313,0.000259065
0.000494004,0.000134451,0.000172576,0.000259715
0.00069491,0.000143235,0.000358912,0.000539675
0.00254128,0.000550855,0.000198033,0.000278507
0.000698557,0.000135301,0.000250085,0.000352939
0.00137943,0.000307254,0.000480958,0.000603424
0.000557747,0.000117441,0.000179657,0.000272735
0.000583266,0.000112319,0.000133878,0.000187273
0.001117,0.000140937,0.000200896,0.000290701
0.000576434,0.000119137,0.00020212,0.000424227
0.00200289,0.000159329,0.000171436,0.000241363
0.000507232,0.000117551,0.000414297,0.000579424
0.00113944,0.000316629,0.000128776,0.000180881
0.000461235,0.000142278,0.000109582,0.000194146
0.000447167,8.4309e-05,0.000304999,0.000484724
0.000385112,8.2927e-05,0.000101263,0.000154867
0.000426608,0.000100272,0.000135486,0.000277417
0.000640161,0.000116075,9.6579e-05,0.000158595
0.00047318,0.000114265,0.000166999,0.000249589
0.00144668,0.000250541,0.000161557,0.000258242
0.000479985,0.000127912,0.000109656,0.000163697
0.000579382,0.000147095,0.000166883,0.000262713
0.000521551,0.000107396,0.00011459,0.000165539
0.000447934,0.000100807,0.000426662,0.0006922
0.000476744,0.000204828,0.000375055,0.000539897
0.000568406,0.000132588,0.000147484,0.000213234
0.000522186,0.000117942,0.000221864,0.000316108
0.00100824,0.000193784,0.000149414,0.000229331
0.000448811,0.000101024,0.000119507,0.000200229
0.000425723,0.00011256,0.000733072,0.00119962
0.00118916,0.000127967,9.1865e-05,0.000183017
0.000590972,0.000133204,0.000307828,0.000526527
0.00149566,0.000167923,0.000821636,0.00115992
0.000475508,0.000127485,0.00016907,0.000261677
0.00087012,0.000157186,0.000162011,0.000289774
0.000502017,0.000124402,0.000122963,0.000185877
0.000536456,0.000124633,0.000131841,0.00021794
0.000539544,0.000111596,0.000102901,0.000159412
0.000548851,9.6812e-05,0.000123493,0.000212732
0.00137322,9.1599e-05,0.000144823,0.000247433
0.000707879,0.000119795,0.000247059,0.000384165
0.00204687,0.000229873,0.000127627,0.000222335
0.000681497,8.1336e-05,0.000120822,0.000179629
0.000972361,0.000111499,0.000158544,0.000242088
0.00072047,0.000123711,0.000141551,0.00022465
0.00115452,0.000102483,0.000166671,0.000239787
0.000501724,7.8841e-05,0.000810673,0.0012708
0.00261288,0.000243498,0.000602327,0.00098509
0.000661608,0.00013375,0.00016612,0.000244256
0.00184229,0.000250338,0.000980543,0.00123751
0.000545778,8.396e-05,0.000303388,0.000377371
0.00185477,0.000116446,0.00114084,0.0015235
0.000572146,0.000130595,0.000634178,0.000795668
0.00240407,0.000376754,0.00112149,0.00132519
0.000615648,0.000109591,0.00137048,0.00339412
0.00110378,0.000214545,0.00031266,0.000389641
0.00191352,0.000187682,0.000382183,0.000464211
0.00139141,0.000172338,0.00025946,0.000332549
0.000550849,0.000130866,0.00064063,0.000735057
0.00173139,0.000227309,0.00197204,0.00247366
0.000576773,0.000249415,0.000504058,0.00195653
0.00206777,0.000206281,0.000849854,0.0012932
0.00204487,0.000224124,0.000179334,0.000252533
0.00202966,0.000265074,0.000877169,0.00133178
0.00212671,0.000196666,0.0012384,0.00183449
0.0011763,0.000347115,0.000163705,0.000238374
0.00372223,0.000279581,0.00277913,0.00298211
0.000762494,0.000146146,0.000223496,0.000283445
0.00059277,0.000120931,0.000897294,0.00107264
0.000901079,0.000162303,0.000871798,0.00098456
0.000554677,8.043e-05,0.000512956,0.000633877
0.00207322,0.000255262,0.00197382,0.0045422
0.000700663,0.000122648,0.000293094,0.000370813
0.000669731,0.000138193,0.00225931,0.00270657
0.000582717,8.8656e-05,0.000258262,0.000336758
0.00338648,0.00018927,0.00024652,0.000315184
0.000473354,9.4285e-05,0.000565607,0.000671699
0.00049765,0.000109917,0.000425452,0.000582825
0.00077693,0.000133933,0.001335,0.00172894
0.000893785,0.000150685,0.00039671,0.00059076
0.000507678,0.000123667,0.000922345,0.0010782
0.000468621,0.000102774,0.000425308,0.000575663
0.000460805,9.63e-05,0.000162683,0.00022065
0.000632356,0.000127288,0.000250697,0.00033776
0.00307194,0.000362672,0.000860798,0.00520247
0.00181113,0.000258929,0.00019595,0.000263402
0.000543847,0.000133765,0.00241475,0.00282299
0.000554247,9.4691e-05,0.000294266,0.000585944
0.000494472,0.00056201,0.00092608,0.00127907
0.000588051,0.000115125,0.000539403,0.00133648
0.000537208,0.000116095,0.000132153,0.000206163
0.000492223,0.000143268,0.000201226,0.000376847
0.00056067,0.000103261,8.7723e-05,0.000149193
0.00057889,0.000112891,0.000411881,0.00105512
0.000641096,0.000118016,0.000476307,0.000613957
0.000914352,0.000153506,0.000189391,0.000257925
0.000476412,8.4796e-05,0.000159205,0.000237122
0.000656752,0.000142998,0.000164225,0.000219347
0.000696993,0.000142695,0.000249536,0.000336096
0.000543197,0.000100163,0.000224003,0.000314513
0.00056953,0.00010327,0.000182778,0.000249463
0.000597421,0.000183036,0.00102873,0.00152101
0.000438143,0.000116149,0.000157441,0.000214291
0.000552778,0.000108687,0.000352492,0.000487235
0.000700273,0.000200147,0.00176731,0.00308902
0.000633913,8.4888e-05,0.000196739,0.000363114
0.000931616,0.00014566,0.00189023,0.0021091
0.00207972,0.000131749,0.000155785,0.000224333
0.00191566,0.000255395,0.000295379,0.000397062
0.000637218,0.000114597,0.000164777,0.000269187
0.00356149,0.000435033,0.000109335,0.000165316
0.000641888,0.000118039,0.00014968,0.00024487
0.00044545,8.3818e-05,0.000475843,0.00072564
0.000553971,0.000134666,0.000155465,0.000239895
0.000542003,0.000115493,0.000153157,0.000481994
0.000447908,9.6137e-05,8.5285e-05,0.000154383
0.000980554,0.000242324,0.000149645,0.000228817
0.000570971,0.000123339,7.8445e-05,0.00061066
0.000430623,8.317e-05,0.000766164,0.0013278
0.00073053,0.000153274,0.000963319,0.00141027
0.000616739,0.000160941,0.000152073,0.000219367
0.000557925,0.000113211,0.000163673,0.000257974
0.000451198,0.000117852,0.000143197,0.000207306
0.000689441,0.00013559,0.000121659,0.000199119
0.0026547,0.000296313,0.000865215,0.00285139
0.000544777,9.5471e-05,0.00063103,0.000970744
0.000562541,0.000144364,0.000204913,0.000780725
0.000475106,0.000113315,0.00010679,0.000163741
0.000588544,0.000125022,0.000550067,0.000970374
0.000627538,0.000145925,0.000129391,0.000231117
0.000531726,0.000124079,0.000140569,0.000198551
0.000433985,8.5017e-05,0.000192692,0.000464834
0.000670079,0.000147271,0.000135208,0.000195926
0.00577754,0.000353219,0.000440719,0.000729104
0.000729237,0.000132205,0.000574835,0.000795651
0.00158044,0.0002241,0.000640034,0.000895154
0.000567193,0.000121571,0.000550546,0.000744745
0.00155711,0.000116464,0.000117318,0.000175515
0.00061421,7.6437e-05,0.00016027,0.000243677
0.00200981,0.000129167,0.00239696,0.00284233
0.00178253,0.000243392,0.000654092,0.000950955
0.000591781,0.000113094,0.000248893,0.00036614
0.000447056,7.7925e-05,0.000523511,0.00104943
0.00064078,0.000135749,0.00022895,0.000289404
0.000587536,0.000100036,0.000198688,0.000277165
0.00053264,0.000113528,0.000142963,0.000209236
0.00096304,0.0001763,0.000249038,0.000317534
0.00412703,0.000330462,0.000128063,0.000182464
0.000769062,0.000117226,0.000584793,0.00103881
0.00483318,0.000241746,0.000180173,0.000265832
0.000680058,0.000130849,0.000117926,0.000167283
0.00128274,0.000449757,0.000847883,0.00128768
0.000840924,0.000151407,0.000410084,0.000704815
0.000695447,0.000141975,0.000173284,0.000264363
0.000966248,0.000110445,0.00014645,0.000237873
0.000451639,9.7379e-05,0.000387707,0.00170906
0.000606301,0.000134586,0.000606441,0.000693088
0.000479199,0.000119452,9.052e-05,0.0001384
0.000935639,0.000171168,0.000592328,0.000997565
0.00225278,0.000127633,0.000168969,0.000323444
0.00173316,0.000217047,0.000702451,0.00219266
0.000560235,8.0825e-05,0.00016738,0.0002829
0.000621463,0.000118805,0.000416159,0.000704192
0.000421291,0.000112283,0.0017198,0.00244627
0.00187317,0.000251622,0.000188113,0.000288146
0.001913,0.00030093,0.00060513,0.00087958
0.000441027,0.000138057,0.000423877,0.000766547
0.000563747,0.000119361,0.000179229,0.000238715
0.0007284,0.000136683,0.000793193,0.00159827
0.000767515,0.000102212,0.000253517,0.000323922
0.000641026,0.00012861,0.000253411,0.000308293
0.00245613,0.000297954,0.000305351,0.000449914
0.00051457,0.000115603,0.000292205,0.000376968
0.000766485,0.000117563,0.00140238,0.00180353
0.00220605,0.000279485,0.00143137,0.00179279
0.00221568,0.000241538,0.00110759,0.00267972
0.00229601,0.000210777,0.000378998,0.000456092
0.000766246,0.000105355,0.0021784,0.00273217
0.000737678,0.000138817,0.00127746,0.00205797
0.000744459,0.000121656,0.00137355,0.00177853
0.0013665,0.000206092,0.00156767,0.00196666
0.00505738,0.000401202,0.000299394,0.000412576
0.00308398,0.000299248,0.000793074,0.00125244
0.00209871,0.000187404,0.00195779,0.00232714
0.0004468,0.000166659,0.000352044,0.000698103
0.000633369,0.000139664,0.000118219,0.000175281
0.000628937,0.000126117,0.000990863,0.00134221
0.000756346,0.000197389,0.000139166,0.000195751
0.00182772,0.000202884,0.000223916,0.000308465
0.00237216,0.000307655,0.00091339,0.00113316
0.0030335,0.000394499,0.00121598,0.00154262
0.00415526,0.000279651,0.00022739,0.000305945
0.000438067,8.1679e-05,0.000244522,0.000322168
0.00201269,0.00018179,0.000314657,0.000403641
0.000625004,0.000111366,0.000660085,0.00103027
0.000985753,0.000191527,0.000220241,0.000323663
0.00241052,0.000330079,0.000435888,0.000699836
0.000725809,0.000112807,0.000349308,0.000409397
0.000695235,0.00029864,0.000349413,0.000424695
0.00414102,0.000445965,0.00158901,0.00222143
0.000914931,0.000134802,0.00112302,0.00171526
0.000552533,0.000113725,0.00192913,0.00249223
0.000566021,0.000139744,0.000137583,0.000198538
0.000695729,0.000199451,0.000638285,0.00104644
0.000515105,8.4939e-05,0.000260281,0.000342356
0.000556712,0.000121136,0.000118076,0.000183898
0.000683659,0.000367061,0.000830751,0.000921092
0.000931239,0.000134096,0.00023206,0.000306165
0.000579893,0.00013968,0.000247743,0.000372732
0.000849966,0.000137788,0.000687773,0.000879069
0.000596324,9.7131e-05,0.000191219,0.000359012
0.000592782,0.000112995,0.00107332,0.00150916
0.00310004,0.000252913,0.000153266,0.000221172
0.00270331,0.00038102,0.00102794,0.00138323
0.00047721,0.000105592,0.000238983,0.000349405
0.00056503,0.000121309,0.00010295,0.000152817
0.0014399,0.000161057,0.000178617,0.000258766
0.00155624,0.000196833,0.00013586,0.000198213
0.00448978,0.000255801,0.00230348,0.00284543
0.00193952,0.000207352,0.000615975,0.00101676
0.0015662,0.000216025,0.000138171,0.00020126
0.000408613,9.4888e-05,0.000222835,0.000317261
0.00145265,0.000245899,0.000168258,0.000255603
0.000455957,9.8829e-05,0.000846623,0.0011537
0.00431739,0.000323473,0.000655353,0.00107901
0.000413749,9.2063e-05,0.000820195,0.00139817
0.000483736,0.000123523,0.000156077,0.000253141
0.000502778,0.000113628,0.000101627,0.000162514
0.000460401,0.000100265,0.000155819,0.000269037
0.000669161,0.000147662,0.000159474,0.000273301
0.00037654,0.000107588,0.000142823,0.000213069
0.00124069,0.000162022,0.000165942,0.000239618
0.000537474,0.00013954,7.2912e-05,0.00011285
0.000554098,0.000113419,0.000138602,0.000213432
